source,platform_id,title,brand,model_number,price_usd,list_price_usd,rating,reviews_count,position,category,image_url,product_url,availability,recent_sales,is_bestseller,unit_price,collection,delivery_free,pickup_available,features,description,extract_date,sales_volume_numeric,product_type,volume_share
amazon,B01EZV35QU,"Kasa Smart Light Switch HS200, Single Pole, Needs Neutral Wire, 2.4GHz Wi-Fi Light Switch Works with Alexa and Google Home, UL Certified, No Hub Required , White, HS200",Kasa,,16.99,19.99,4.5,41955.0,13,Light Switches,https://m.media-amazon.com/images/I/611JGGx4DPL._AC_UL320_.jpg,https://www.amazon.com/dp/B01EZV35QU,,5K+ bought in past month,,19.99,,,,,,6/6/25,5000,Smart,6.2460961898813245
amazon,B0076HPM8A,"Leviton SureSlide Dimmer Switch for Dimmable LED, Halogen and Incandescent Bulbs, 6674-P0W, White",Leviton,,14.07,28.33,4.5,6134.0,3,Dimmer Switches,https://m.media-amazon.com/images/I/51c-O6v7i6L._AC_UL320_.jpg,https://www.amazon.com/dp/B0076HPM8A,,4K+ bought in past month,,28.33,,,,,,6/6/25,4000,Traditional,4.996876951905059
amazon,B079775ZZQ,"Kasa Smart Dimmer Switch HS220, Single Pole, Needs Neutral Wire, 2.4GHz Wi-Fi Light Switch Works with Alexa and Google Home, UL Certified, No Hub Required, 1 Pack",Kasa,,19.98,22.99,4.5,34098.0,10,Dimmer Switches,https://m.media-amazon.com/images/I/61gRmSeNXBL._AC_UL320_.jpg,https://www.amazon.com/dp/B079775ZZQ,,3K+ bought in past month,,22.99,,,,,,6/6/25,3000,Smart,3.7476577139287945
amazon,B07HGW8N7R,"Kasa Smart Light Switch HS200P3, Single Pole, Needs Neutral Wire, 2.4GHz Wi-Fi Light Switch Works with Alexa and Google Home, UL Certified, No Hub Required, 3 Count -Pack of 1 , White",Kasa,,42.99,14.33,4.6,26357.0,5,Light Switches,https://m.media-amazon.com/images/I/61Du7b9kpxL._AC_UL320_.jpg,https://www.amazon.com/dp/B07HGW8N7R,,3K+ bought in past month,,14.33,,,,,,6/6/25,3000,Smart,3.7476577139287945
amazon,B07724HNTX,"Kasa Smart 3 Way Switch HS210 KIT, Needs Neutral Wire, 2.4GHz Wi-Fi Light Switch works with Alexa and Google Home, UL Certified, No Hub Required, White,2 Count (Pack of 1)",Kasa,,33.99,17.0,4.6,19180.0,15,Light Switches,https://m.media-amazon.com/images/I/61wXUxO7APL._AC_UL320_.jpg,https://www.amazon.com/dp/B07724HNTX,,2K+ bought in past month,,17.0,,,,,,6/6/25,2000,Smart,2.4984384759525295
amazon,B0BC2MWTR9,"Kasa Smart 3 Way Dimmer Switch KIT, Dimmable Light Switch Compatible with Alexa, Google Assistant and SmartThings, Neutral Wire Needed, 2.4GHz, ETL Certified, No Hub Required, White (KS230 KIT v2)",Kasa,,42.99,54.99,4.4,6173.0,5,Dimmer Switches,https://m.media-amazon.com/images/I/71S0-zkaFQL._AC_UL320_.jpg,https://www.amazon.com/dp/B0BC2MWTR9,,2K+ bought in past month,,54.99,,,,,,6/6/25,2000,Smart,2.4984384759525295
amazon,B08SJ3Z8XD,"Leviton 15 Amp Decora Antimicrobical Wall Switch Single-Pole, White, 5601-2AW",Leviton,,3.52,,4.7,702.0,6,Light Switches,https://m.media-amazon.com/images/I/614oAmQXHdS._AC_UL320_.jpg,https://www.amazon.com/dp/B08SJ3Z8XD,,2K+ bought in past month,,3.52,,,,,,6/6/25,2000,Traditional,2.4984384759525295
amazon,B006UTQCA2,"Lutron Ariadni/Toggler LED+ Dimmer Light Switch for Dimmable LED, Halogen and Incandescent Dimmer Switch, 150W, Single-Pole/3-Way, AYCL-153P-WH, White",Lutron,,19.47,25.0,4.6,6806.0,11,Dimmer Switches,https://m.media-amazon.com/images/I/71IqSkJGLgL._AC_UL320_.jpg,https://www.amazon.com/dp/B006UTQCA2,,2K+ bought in past month,,25.0,,,,,,6/6/25,2000,Traditional,2.4984384759525295
amazon,B08W8GLPD5,"Philips Hue Smart Dimmer Switch with Remote, White - 1 Pack - Turns Hue Lights On, Off, Dims or Brightens - Requires Hue Bridge - Easy, No-Wire Installation",GE,,22.49,3.98,4.6,11301.0,20,Light Switches,https://m.media-amazon.com/images/I/5134Diycx6L._AC_UL320_.jpg,https://www.amazon.com/dp/B08W8GLPD5,,2K+ bought in past month,,3.98,,,,,,6/6/25,2000,Smart,2.4984384759525295
amazon,B0CHMQW45X,"TREATLIFE Dimmer Plug with 100FT Wireless Remote Control, IP44 Weather Resistance, Outdoor Dimmer for String Lights, Lamps, Patio Lights, Max Power 400W",TREATLIFE,,23.99,,4.4,435.0,16,Dimmer Switches,https://m.media-amazon.com/images/I/61M1QAul+fL._AC_UL320_.jpg,https://www.amazon.com/dp/B0CHMQW45X,,1K+ bought in past month,,23.99,,,,,,6/6/25,1000,Traditional,1.2492192379762648
amazon,B0CBNX6Q51,"TP-Link Tapo Matter Smart Light Switch: Voice Control w/Siri, Alexa & Google Home | UL Certified | Timer & Schedule | Easy Guided Install | Neutral Wire Required | Single Pole | Tapo S505(2-Pack)",TP-Link,,24.99,12.5,4.3,821.0,17,Light Switches,https://m.media-amazon.com/images/I/61juFJrXcQL._AC_UL320_.jpg,https://www.amazon.com/dp/B0CBNX6Q51,,1K+ bought in past month,,12.5,,,,,,6/6/25,1000,Smart,1.2492192379762648
amazon,B08CXCHFYC,"DEWENWILS Wireless Light Switch and Receiver Kit, No in-Wall Wiring Required,Remote Control Wall Switch Lighting Fixture for Ceiling Lights, Fans, Lamps,100 Ft RF Range, Programmable",GE,,13.99,17.99,4.2,2813.0,13,Light Switches,https://m.media-amazon.com/images/I/61Gf-1RhP2L._AC_UL320_.jpg,https://www.amazon.com/dp/B08CXCHFYC,,1K+ bought in past month,,17.99,,,,,,6/6/25,1000,Traditional,1.2492192379762648
amazon,B099RJ2HRN,"ELEGRP Digital Dimmer Light Switch for 300W Dimmable LED/CFL Lights and 600W Incandescent/Halogen, Single Pole/3-Way LED Slide Dimmer, Wall Plate Included, UL Listed, 6 Pack, Matte White",ELEGRP,,59.99,30.0,4.3,2813.0,2,Dimmer Switches,https://m.media-amazon.com/images/I/61tDNrL7mVL._AC_UL320_.jpg,https://www.amazon.com/dp/B099RJ2HRN,,1K+ bought in past month,,30.0,,,,,,6/6/25,1000,Traditional,1.2492192379762648
amazon,B01MRXOXWB,"BESTTEN 10 Pack Single Pole Decorator Light Switch with Wallplate, 15A 120/277V, Rocker Paddle Wall Switch, On/Off Interrupter for LED and Other Lamps, UL Listed, White",BESTTEN,,17.69,1.77,4.6,4487.0,3,Light Switches,https://m.media-amazon.com/images/I/61WNaSjLk6L._AC_UL320_.jpg,https://www.amazon.com/dp/B01MRXOXWB,,1K+ bought in past month,,1.77,,,,,,6/6/25,1000,Traditional,1.2492192379762648
amazon,B0C86MJLVH,"Leviton E5601-MW Decora Edge 15 Amp Single Pole Rocker Switch, 10-Pack, White",Leviton,,25.98,2.6,4.7,615.0,4,Light Switches,https://m.media-amazon.com/images/I/61aux1VABRL._AC_UL320_.jpg,https://www.amazon.com/dp/B0C86MJLVH,,1K+ bought in past month,,2.6,,,,,,6/6/25,1000,Traditional,1.2492192379762648
amazon,B095X911T8,"Amazon Basics Smart Switch, Single Pole, Works with Alexa Only, 2.4 GHz Wi-Fi, No Hub Required, White",Amazon,,15.09,16.99,4.3,5959.0,1,Light Switches,https://m.media-amazon.com/images/I/618hX8ZtV-L._AC_UL320_.jpg,https://www.amazon.com/dp/B095X911T8,,1K+ bought in past month,,16.99,,,,,,6/6/25,1000,Smart,1.2492192379762648
amazon,B00NG0ELL0,"Leviton Decora Slide Dimmer Switch for Dimmable LED, Halogen and Incandescent Bulbs, DSL06-1LZ, White with Ivory and Light Almond Faceplates",Leviton,,24.95,27.24,4.6,1783.0,9,Dimmer Switches,https://m.media-amazon.com/images/I/816RLeEOoZL._AC_UL320_.jpg,https://www.amazon.com/dp/B00NG0ELL0,,1K+ bought in past month,,27.24,,,,,,6/6/25,1000,Traditional,1.2492192379762648
amazon,B000BQUUVC,"Legrand radiant TM873WCC10 15 Amp Rocker Wall Switch, 3-Way Decorator Light Switches, White (1 Count)",Legrand,,3.58,,4.7,7564.0,8,Light Switches,https://m.media-amazon.com/images/I/61ewxzUcSBL._AC_UL320_.jpg,https://www.amazon.com/dp/B000BQUUVC,,1K+ bought in past month,,3.58,,,,,,6/6/25,1000,Traditional,1.2492192379762648
amazon,B07S29S7QD,"BESTTEN 2 Pack Dimmer Light Switch, Universal Lighting Control, Single Pole or 3 Way, Compatible with LED Dimmable Lamp, CFL, Incandescent, Halogen Bulb, Decorator Wallplate Included, UL Listed, White",BESTTEN,,16.99,8.5,4.2,6009.0,6,Dimmer Switches,https://m.media-amazon.com/images/I/514RmEOs7QL._AC_UL320_.jpg,https://www.amazon.com/dp/B07S29S7QD,,1K+ bought in past month,,8.5,,,,,,6/6/25,1000,Traditional,1.2492192379762648
amazon,B0D3KP68S7,"Kasa Smart Switch 2-Gang HS200-2, Single Pole,Neutral Wire Required, 2.4GHz Wi-Fi Light Switch Compatible with Alexa and Google Home, UL Certified, No Hub Required, White",Kasa,,31.99,34.99,4.4,555.0,7,Light Switches,https://m.media-amazon.com/images/I/61VngqZKsTL._AC_UL320_.jpg,https://www.amazon.com/dp/B0D3KP68S7,,1K+ bought in past month,,34.99,,,,,,6/6/25,1000,Smart,1.2492192379762648
amazon,B07HM6L48C,"Lutron Caseta 3 Way Smart Dimmer Switch Kit, w/ Wireless 3 way Pico Remote and Bracket, Light Switch for LED Lights, No Neutral Required, P-PKG1WB-WH",Lutron,,69.95,,4.7,7912.0,18,Light Switches,https://m.media-amazon.com/images/I/71GsI+LMUbL._AC_UL320_.jpg,https://www.amazon.com/dp/B07HM6L48C,,1K+ bought in past month,,69.95,,,,,,6/6/25,1000,Smart,1.2492192379762648
amazon,B00QXOSTFU,"ENERLITES Decorator Paddle Rocker Light Switch, Gloss Finish, Single Pole, 3 Wire, Grounding Screw, Residential Grade, 15A 120V/277V, UL Listed, 91150-W-10PCS, White (10 Pack)",ENERLITES Store,,17.99,1.8,4.7,7393.0,9,Light Switches,https://m.media-amazon.com/images/I/81UColMbW6L._AC_UL320_.jpg,https://www.amazon.com/dp/B00QXOSTFU,,900+ bought in past month,,1.8,,,,,,6/6/25,900,Traditional,1.1242973141786383
amazon,B0D3TBK88B,"Amico 6 Pack Dimmer Light Switch, Single-Pole or 3-Way Slide Dimmer Switches for Led Lights, Suitable for 150W Dimmable LED/CFL Lights and 600W Incandescent/Halogen, Wall Plate Included, White",GE,,44.99,7.5,4.2,152.0,7,Dimmer Switches,https://m.media-amazon.com/images/I/61thoah1DVL._AC_UL320_.jpg,https://www.amazon.com/dp/B0D3TBK88B,,900+ bought in past month,,7.5,,,,,,6/6/25,900,Traditional,1.1242973141786383
amazon,B07HPBP5Q2,"ENERLITES Toggle Light Switch, Single Pole, 15A 120-277V, Grounding Screw, Residential Grade, UL Listed, 88115-W-10PCS, White (10 Pack), 10 Count",ENERLITES Store,,15.99,1.6,4.6,1477.0,11,Light Switches,https://m.media-amazon.com/images/I/81aYKW5s2GL._AC_UL320_.jpg,https://www.amazon.com/dp/B07HPBP5Q2,,800+ bought in past month,,1.6,,,,,,6/6/25,800,Traditional,0.9993753903810119
amazon,B0D7GR3CKW,"MOES Dimmer Light Switch, 3 Way & Single Pole Dimmable for LED, CFL, Incandescent, Halogen, 600Watt Max, ON/Off with Dimming Slide for Bedroom Hallway, No Neutral Wire Required",MOES,,11.99,12.99,4.5,112.0,21,Dimmer Switches,https://m.media-amazon.com/images/I/51-yuS5vrWL._AC_UL320_.jpg,https://www.amazon.com/dp/B0D7GR3CKW,,600+ bought in past month,,12.99,,,,,,6/6/25,600,Traditional,0.749531542785759
amazon,B08PKMT2DV,"Philips Hue Smart Wireless Dimmer Switch V2 (Installation-Free, Exclusive Philips Hue Lights) for Indoor Home Lighting, Livingroom, Bedroom",Philips Hue,,31.0,,4.7,12567.0,11,Dimmer Switches,https://m.media-amazon.com/images/I/51HHVsvXi7L._AC_UL320_.jpg,https://www.amazon.com/dp/B08PKMT2DV,,600+ bought in past month,,31.0,,,,,,6/6/25,600,Smart,0.749531542785759
amazon,B017LRCG38,"Lutron Caseta Original Smart Switch (Lutron Smart Hub Required), for LED Lights and Fans, 6 Amp, Single-Pole/3-Way, Neutral Required, PD-6ANS-WH, White",Lutron,,59.95,,4.7,2972.0,21,Light Switches,https://m.media-amazon.com/images/I/61B4sbsw3BL._AC_UL320_.jpg,https://www.amazon.com/dp/B017LRCG38,,500+ bought in past month,,59.95,,,,,,6/6/25,500,Smart,0.6246096189881324
amazon,B07X47W6LC,"BESTTEN 10 Pack Single Pole Decorator Wall Light Switch, 15A 120/277V, Paddle Light Switch, On/Off Rocker Interrupter, UL Listed, White",BESTTEN,,16.69,1.67,4.5,2922.0,23,Light Switches,https://m.media-amazon.com/images/I/71wIPjWAhYL._AC_UL320_.jpg,https://www.amazon.com/dp/B07X47W6LC,,500+ bought in past month,,1.67,,,,,,6/6/25,500,Traditional,0.6246096189881324
amazon,B09CKT5B9C,"AIDA 20 Pack Light Switch Single Pole Light Switch Square Rocker Switch Decora Switches White, 15 Amp Self-grounding Electrical Light Switches, Residential Grade, UL Listed Glossy White",AIDA Store,,34.99,,4.6,745.0,17,Light Switches,https://m.media-amazon.com/images/I/71j-icSK3uL._AC_UL320_.jpg,https://www.amazon.com/dp/B09CKT5B9C,,500+ bought in past month,,34.99,,,,,,6/6/25,500,Traditional,0.6246096189881324
amazon,B003AVLWGM,"Leviton 5634-W 15 Amp, 120/277 Volt, Decora Single-Pole, AC Combination Switch, Commercial Grade, Grounding, White",Leviton,,11.92,,4.7,2165.0,9,Light Switches,https://m.media-amazon.com/images/I/51eTmI-GK-L._AC_UL320_.jpg,https://www.amazon.com/dp/B003AVLWGM,,500+ bought in past month,,11.92,,,,,,6/6/25,500,Traditional,0.6246096189881324
amazon,B0CT3RFY6K,"Lutron Maestro LED+ Dual Dimmer and Switch | 75-Watt LED Bulbs/2.5A Fans, Single-Pole | MACL-L3S25-WH | White",Lutron,,71.38,,4.3,118.0,2,Dimmer Switches,https://m.media-amazon.com/images/I/71OAVsRl9xL._AC_UL320_.jpg,https://www.amazon.com/dp/B0CT3RFY6K,,500+ bought in past month,,71.38,,,,,,6/6/25,500,Traditional,0.6246096189881324
amazon,B093PWTTHC,"ELEGRP Decorator Double Rocker Light Switch, Two Single Pole Electrical Paddle, 15A 120V, In-Wall On/Off, Self-Grounding, Wall Plate Included, UL Listed (1 Pack, Glossy White)",ELEGRP,,9.99,,4.6,1585.0,24,Light Switches,https://m.media-amazon.com/images/I/51WMt02B0SL._AC_UL320_.jpg,https://www.amazon.com/dp/B093PWTTHC,,500+ bought in past month,,9.99,,,,,,6/6/25,500,Traditional,0.6246096189881324
amazon,B09MW38VK7,"ELEGRP Matte White Single Pole Decorator Light Switch 15Amp, 120-277V, Paddle Rocker Replacement, On/Off Wall Switch, Self-Grounding, Residential Grade, w/Wall Plate, UL/CUL (10 Pack)",ELEGRP,,31.99,3.2,4.7,2085.0,7,Light Switches,https://m.media-amazon.com/images/I/51emkMb6fLL._AC_UL320_.jpg,https://www.amazon.com/dp/B09MW38VK7,,500+ bought in past month,,3.2,,,,,,6/6/25,500,Traditional,0.6246096189881324
amazon,B00081I0EO,"Lutron Claro On/Off Switch, 15-Amp/3-Way, CA-3PS-WH, White",Lutron,,6.98,,4.8,2133.0,20,Light Switches,https://m.media-amazon.com/images/I/515lF5mCzJL._AC_UL320_.jpg,https://www.amazon.com/dp/B00081I0EO,,500+ bought in past month,,6.98,,,,,,6/6/25,500,Traditional,0.6246096189881324
amazon,B08YMBDGZ8,"Leviton 15 Amp Decora LED Illuminated Light Wall Switch Single-Pole, White, L5611-2W",Leviton,,10.41,13.07,4.7,505.0,18,Light Switches,https://m.media-amazon.com/images/I/51VSURHZAlL._AC_UL320_.jpg,https://www.amazon.com/dp/B08YMBDGZ8,,500+ bought in past month,,13.07,,,,,,6/6/25,500,Traditional,0.6246096189881324
amazon,B08R9S8TDT,"Suraielec Wireless Remote Light Switch, No Wiring, No WiFi, 100ft RF Range, Pre-Programmed, Expandable Wireless Wall Switch and Receiver Kit, Remote Control Light Fixture for Lamp, Ceiling Light, Fan",GE,,12.99,17.99,4.2,1168.0,11,Light Switches,https://m.media-amazon.com/images/I/61IzvpVM7XL._AC_UL320_.jpg,https://www.amazon.com/dp/B08R9S8TDT,,500+ bought in past month,,17.99,,,,,,6/6/25,500,Smart,0.6246096189881324
amazon,B0C86LDZLW,"Leviton E5603-MW Decora Edge 15 Amp 3-Way Rocker Switch, 10-Pack, White",Leviton,,37.98,,4.6,430.0,15,Light Switches,https://m.media-amazon.com/images/I/61uTcWEeusL._AC_UL320_.jpg,https://www.amazon.com/dp/B0C86LDZLW,,500+ bought in past month,,37.98,,,,,,6/6/25,500,Traditional,0.6246096189881324
amazon,B07JB37H5Y,"GE Switch, White, Grounding Toggle 5 Pack, Single Pole, in Wall On/Off Fan & Light Replacement, 15 Amp, for Home, Office & Kitchen, UL Listed, Wallplate not Included, 44034",GE,,8.99,,4.7,7955.0,2,Light Switches,https://m.media-amazon.com/images/I/71XYSl14EkL._AC_UL320_.jpg,https://www.amazon.com/dp/B07JB37H5Y,,500+ bought in past month,,8.99,,,,,,6/6/25,500,Traditional,0.6246096189881324
amazon,B00004YUO1,"Leviton 5601-2WM 15 Amp, 120/277 Volt, Decora Rocker Single-Pole AC Quiet Switch, Residential Grade, Grounding, 10-Pack, White",Leviton,,19.98,2.0,4.7,4589.0,9,Light Switches,https://m.media-amazon.com/images/I/516FYO8vmXL._AC_UL320_.jpg,https://www.amazon.com/dp/B00004YUO1,,500+ bought in past month,,2.0,,,,,,6/6/25,500,Traditional,0.6246096189881324
amazon,B01N25GTMW,"ENERLITES 3-Way Decorator Paddle Rocker Light Switch, Gloss Finish, Single Pole or Three Way, 3 Wire, Grounding Screw, Residential Grade, 15A 120V/277V, UL Listed, 93150-W-10PCS, White (10 Pack)",ENERLITES Store,,19.79,1.98,4.7,3088.0,4,Light Switches,https://m.media-amazon.com/images/I/815IXJ8BpFL._AC_UL320_.jpg,https://www.amazon.com/dp/B01N25GTMW,,500+ bought in past month,,1.98,,,,,,6/6/25,500,Traditional,0.6246096189881324
amazon,B0BVKZLT3B,"Leviton Decora Smart Switch, Wi-Fi 2nd Gen, Neutral Wire Required, Works with Matter, My Leviton, Alexa, Google Assistant, Apple Home/Siri & Wired or Wire-Free 3-Way, D215S-1RW, White",Leviton,,37.84,,4.4,762.0,6,Light Switches,https://m.media-amazon.com/images/I/51RO9t8zXpL._AC_UL320_.jpg,https://www.amazon.com/dp/B0BVKZLT3B,,500+ bought in past month,,37.84,,,,,,6/6/25,500,Smart,0.6246096189881324
amazon,B00A92MQ38,"Lutron Skylark LED+ Dimmer Switch for Dimmable LED, Halogen and Incandescent Bulbs | 150W/Single-Pole or 3-Way | SCL-153P-WH | White",Lutron,,23.28,25.97,4.6,3459.0,22,Dimmer Switches,https://m.media-amazon.com/images/I/61s4MIaWiGS._AC_UL320_.jpg,https://www.amazon.com/dp/B00A92MQ38,,500+ bought in past month,,25.97,,,,,,6/6/25,500,Traditional,0.6246096189881324
amazon,B094XXG14N,"ELEGRP Digital Dimmer Light Switch for 300W Dimmable LED/CFL Lights and 600W Incandescent/Halogen, Single Pole/3-Way LED Slide Dimmer Light Switch, Wall Plate Included, UL Listed, 10 Pack, Matte White",ELEGRP,,89.99,9.0,4.3,1706.0,4,Dimmer Switches,https://m.media-amazon.com/images/I/61g-mHkxLxS._AC_UL320_.jpg,https://www.amazon.com/dp/B094XXG14N,,500+ bought in past month,,9.0,,,,,,6/6/25,500,Traditional,0.6246096189881324
amazon,B08RRM8VH5,"Leviton Decora Smart Dimmer Switch, Wi-Fi 2nd Gen, Neutral Wire Required, Works with Matter, My Leviton, Alexa, Google Assistant, Apple Home/Siri & Wired or Wire-Free 3-Way, D26HD-2RW, White",Leviton,,38.96,,4.5,1429.0,12,Dimmer Switches,https://m.media-amazon.com/images/I/518um+gOwGL._AC_UL320_.jpg,https://www.amazon.com/dp/B08RRM8VH5,,500+ bought in past month,,38.96,,,,,,6/6/25,500,Smart,0.6246096189881324
amazon,B0D4YFCTHV,"Feit Electric Wi-Fi Smart Dimmer Light Switch, 3 Pack, White",Feit Electric Store,,35.75,11.92,4.6,88.0,11,Dimmer Switches,https://m.media-amazon.com/images/I/61hzyyKU4uL._AC_UL320_.jpg,https://www.amazon.com/dp/B0D4YFCTHV,,500+ bought in past month,,11.92,,,,,,6/6/25,500,Smart,0.6246096189881324
amazon,B00JJY1QG0,"Lutron Caseta Smart Lamp Dimmer 3-Way Kit and Pico Remote, for Floor and Table Lamps, for Dimmable LED Lights, 100 Watt, Single-Pole/3-Way, P-PKG1P-WH",Lutron,,52.99,,4.8,3023.0,16,Dimmer Switches,https://m.media-amazon.com/images/I/51QKYtJ4ECL._AC_UL320_.jpg,https://www.amazon.com/dp/B00JJY1QG0,,500+ bought in past month,,52.99,,,,,,6/6/25,500,Smart,0.6246096189881324
amazon,B0BTMWZH3K,"Kasa Apple HomeKit Smart Dimmer Switch KS220P3, Single Pole, Neutral Wire Required,2.4GHz Wi-Fi Light Works with Siri, Alexa and Google Home,UL Certified, No Hub Required,White, 3 Count (Pack of 1)",Kasa,,62.99,21.0,4.4,879.0,14,Dimmer Switches,https://m.media-amazon.com/images/I/61dm2xn-+UL._AC_UL320_.jpg,https://www.amazon.com/dp/B0BTMWZH3K,,500+ bought in past month,,21.0,,,,,,6/6/25,500,Smart,0.6246096189881324
amazon,B073H9Y7SH,"Leviton Trimatron Rotary Dimmer Switch for Dimmable LED, Halogen and Incandescent Bulbs, RNL06-10Z, White",Leviton,,11.99,17.06,4.5,919.0,15,Dimmer Switches,https://m.media-amazon.com/images/I/71L+jgi7i+L._AC_UL320_.jpg,https://www.amazon.com/dp/B073H9Y7SH,,500+ bought in past month,,17.06,,,,,,6/6/25,500,Traditional,0.6246096189881324
amazon,B0BSHKS26L,"Lutron Diva Smart Dimmer Switch for Caseta Smart Lighting (Lutron Smart Hub Required) w/ Wall Plate, for LED Lights, 150 Watt, Single-Pole/3Way, No Neutral Required, DVRFW-6L-WH-A, White",Lutron,,73.9,,4.7,506.0,4,Dimmer Switches,https://m.media-amazon.com/images/I/715xKJk2EwL._AC_UL320_.jpg,https://www.amazon.com/dp/B0BSHKS26L,,500+ bought in past month,,73.9,,,,,,6/6/25,500,Smart,0.6246096189881324
amazon,B0DKGXY4DL,"TP-Link Tapo Smart 3 Way Dimmer Switch KIT, Matter Compatible, Energy Monitoring, Neutral Wire Required, Works with Alexa, Siri, Google Home, SmartThings, UL Certified, 2.4GHZ Wi-Fi, Tapo S515D KIT",TP-Link,,43.99,22.0,4.6,111.0,8,Dimmer Switches,https://m.media-amazon.com/images/I/511KltQn-WL._AC_UL320_.jpg,https://www.amazon.com/dp/B0DKGXY4DL,,500+ bought in past month,,22.0,,,,,,6/6/25,500,Smart,0.6246096189881324
amazon,B002DNAG4W,"GE Single Pole Dimmer Toggle Switch, On/Off/Dim Settings, for Dimmable LED, CFL and Incandescent Bulbs, DIY Project, UL Listed, White, 18025",GE,,15.32,,4.4,4866.0,17,Dimmer Switches,https://m.media-amazon.com/images/I/810DttibQOL._AC_UL320_.jpg,https://www.amazon.com/dp/B002DNAG4W,,500+ bought in past month,,15.32,,,,,,6/6/25,500,Traditional,0.6246096189881324
amazon,B095X5H16X,"Amazon Basics Smart Dimmer Switch, Single Pole, Works with Alexa Only, 2.4 GHz Wi-Fi, No Hub Required, White",Amazon,,19.99,,4.3,5959.0,7,Dimmer Switches,https://m.media-amazon.com/images/I/71BxHSSwAyL._AC_UL320_.jpg,https://www.amazon.com/dp/B095X5H16X,,500+ bought in past month,,19.99,,,,,,6/6/25,500,Smart,0.6246096189881324
amazon,B0771BC2YH,"Cloudy Bay in Wall Dimmer Switch for LED Light/CFL/Incandescent,3-Way Single Pole Dimmable Slide,600 Watt max,Cover Plate Included",Cloudy Bay,,12.99,,4.4,9109.0,19,Dimmer Switches,https://m.media-amazon.com/images/I/51CdpRAl+bL._AC_UL320_.jpg,https://www.amazon.com/dp/B0771BC2YH,,500+ bought in past month,,12.99,,,,,,6/6/25,500,Traditional,0.6246096189881324
amazon,B0DRZ77JQT,"TP-Link Tapo Matter Smart Dimmer Switch, Single Pole, Neutral Wiring & 2.4 GHz WiFi Required, Compatible with Alexa, Siri, Google Home, Bixby, UL Certified Light Switch, (4-Pack)",TP-Link,,65.99,16.5,4.3,821.0,20,Dimmer Switches,https://m.media-amazon.com/images/I/61JdlGZg2gL._AC_UL320_.jpg,https://www.amazon.com/dp/B0DRZ77JQT,,500+ bought in past month,,16.5,,,,,,6/6/25,500,Smart,0.6246096189881324
amazon,B07RJ14FBS,Lutron Aurora Smart Bulb Dimmer Switch | for Philips Hue Smart Bulbs | Z3-1BRL-WH-L0 | White,Lutron,,39.95,50.0,4.6,2900.0,2,Dimmer Switches,https://m.media-amazon.com/images/I/61ZOaHZBtTL._AC_UL320_.jpg,https://www.amazon.com/dp/B07RJ14FBS,,400+ bought in past month,,50.0,,,,,,6/6/25,400,Smart,0.49968769519050593
amazon,B0CCND92GN,"Double Toggle Light Switch,15 Amp AC120 Volt,Residential Grade Electrical Wall Switch,Great for Home, Office & Kitchen, White,ETL Listed",WENGART Store,,6.79,2.41,4.3,93.0,13,Light Switches,https://m.media-amazon.com/images/I/61+PbOPNB8L._AC_UL320_.jpg,https://www.amazon.com/dp/B0CCND92GN,,400+ bought in past month,,2.41,,,,,,6/6/25,400,Traditional,0.49968769519050593
amazon,B0039PZJJK,"Leviton 5621-2W 20 Amp, 120/277 Volt Decora Plus Rocker Single-Pole AC Quiet Switch, White",Leviton,,5.59,,4.7,824.0,14,Light Switches,https://m.media-amazon.com/images/I/51xgxk0Y+oL._AC_UL320_.jpg,https://www.amazon.com/dp/B0039PZJJK,,400+ bought in past month,,5.59,,,,,,6/6/25,400,Traditional,0.49968769519050593
amazon,B0BYPDKCD5,"Lutron Caseta Smart Claro Accessory Switch for 3 way – For use only with Diva Smart Dimmer or Claro Smart Switch, DVRF-AS-WH, White",Lutron,,34.95,,4.6,197.0,11,Dimmer Switches,https://m.media-amazon.com/images/I/51fvmP6qH8L._AC_UL320_.jpg,https://www.amazon.com/dp/B0BYPDKCD5,,400+ bought in past month,,34.95,,,,,,6/6/25,400,Smart,0.49968769519050593
amazon,B0D12VMWW2,"AIDA Toggle Slide Dimmer Switch for Dimmable LED Light/CFL/Incandescent 600 Watt max, Single-Pole or 3-Way, Rocker On/Off Wall Switch with Dimmer Slider, Wall Plate NOT Included, UL Listed, 1 Pack",AIDA Store,,15.99,,4.3,262.0,16,Dimmer Switches,https://m.media-amazon.com/images/I/61Wp3CH195L._AC_UL320_.jpg,https://www.amazon.com/dp/B0D12VMWW2,,400+ bought in past month,,15.99,,,,,,6/6/25,400,Traditional,0.49968769519050593
amazon,B07PJTLB7Z,"TREATLIFE Smart Dimmer Switch 4 Pack, Smart Switch Works with Alexa and Google Home, 2.4GHz WiFi Dimmer Light Switch for LED, CFL, Incandescent Bulbs, Neutral Wire Required, Single Pole",TREATLIFE,,69.99,17.5,4.3,4777.0,11,Dimmer Switches,https://m.media-amazon.com/images/I/61KHLX0IrXL._AC_UL320_.jpg,https://www.amazon.com/dp/B07PJTLB7Z,,400+ bought in past month,,17.5,,,,,,6/6/25,400,Smart,0.49968769519050593
amazon,B0BVFMFSQV,"ThunderWay Single Pole Decorator Wall Light Switch with Wall Plate, 15A 120V/277V, On/Off Paddle Switch, Residential Grade - UL Listed, White (10)",ThunderWay Store,,17.99,1.8,4.7,551.0,8,Light Switches,https://m.media-amazon.com/images/I/61tA94LdjSL._AC_UL320_.jpg,https://www.amazon.com/dp/B0BVFMFSQV,,400+ bought in past month,,1.8,,,,,,6/6/25,400,Traditional,0.49968769519050593
amazon,B002DN8CQ6,"GE 3-Way Grounding Toggle Switch, In Wall On/Off Fan & Light Switch Replacement, 15 Amp, Great for Home, Office & Kitchen, UL Listed, White, 54172",GE,,5.0,,4.7,1235.0,25,Light Switches,https://m.media-amazon.com/images/I/714Dywxa3AL._AC_UL320_.jpg,https://www.amazon.com/dp/B002DN8CQ6,,400+ bought in past month,,5.0,,,,,,6/6/25,400,Traditional,0.49968769519050593
amazon,B01M3XJUAD,"Lutron Caseta Original Smart Dimmer Switch Kit, 2 Dimmer Switches, 2 Wall Plates, 2 Pico Remotes, and Smart Hub, Works with Alexa, Apple Home, Google Home, 3 Way, 150W, No Neutral, P-BDG-PKG2W-A",Lutron,,189.9,94.95,4.7,5139.0,22,Dimmer Switches,https://m.media-amazon.com/images/I/51swqnRssZL._AC_UL320_.jpg,https://www.amazon.com/dp/B01M3XJUAD,,400+ bought in past month,,94.95,,,,,,6/6/25,400,Smart,0.49968769519050593
amazon,B0DCZCVRL8,"Amico 30 Pack Single Pole Light Switch with Wall Plate, UL Listed, 15A 120/277V, On/Off Rocker Paddle Interrupter Wall Switch, Grounding Screw, Residential Grade, Suitable for Home and Business, White",Amico Store,,49.99,1.67,4.7,43.0,10,Light Switches,https://m.media-amazon.com/images/I/61farctuQaL._AC_UL320_.jpg,https://www.amazon.com/dp/B0DCZCVRL8,,400+ bought in past month,,1.67,,,,,,6/6/25,400,Traditional,0.49968769519050593
amazon,B0CW92T9CH,"CML Double Rocker Decorator Light Switch, Dual Single Pole Paddle in-Wall Switch, Self-grounding Electrical On/Off Interrupter, 15A 120V, UL Listed, 1 Pack, White",CML Hardware Store,,6.74,7.19,4.6,104.0,1,Light Switches,https://m.media-amazon.com/images/I/617Q9DpfC1L._AC_UL320_.jpg,https://www.amazon.com/dp/B0CW92T9CH,,400+ bought in past month,,7.19,,,,,,6/6/25,400,Traditional,0.49968769519050593
amazon,B0CW6M3N6C,"Legrand Radiant 150-Watt Single-Pole/3-Way LED Advanced Dimmer, White",Legrand,,23.47,,4.3,143.0,20,Dimmer Switches,https://m.media-amazon.com/images/I/51DrE4Nwz+L._AC_UL320_.jpg,https://www.amazon.com/dp/B0CW6M3N6C,,400+ bought in past month,,23.47,,,,,,6/6/25,400,Traditional,0.49968769519050593
amazon,B07GNXMVFP,"BESTTEN 6 Pack Dimmer Light Switch, LED Dimmer Switch, Single-Pole or 3-Way, for Dimmable LED, Halogen and Incandescent Bulbs, 120V, Wall Plate Included, UL Listed, White",BESTTEN,,39.99,6.67,4.2,911.0,16,Dimmer Switches,https://m.media-amazon.com/images/I/619PeFE4sDL._AC_UL320_.jpg,https://www.amazon.com/dp/B07GNXMVFP,,400+ bought in past month,,6.67,,,,,,6/6/25,400,Traditional,0.49968769519050593
amazon,B0892HCXGS,"Single Pole Double Rocker Light Switches,Greencycle 2 Pack Paddle Light Switches 15 Amp,Sp Decora Switch White,120V-277V AC,On/Off Wall Switch, Residential/Commercial Grade,Home & Office,UL/CUL",greencycle Store,,8.99,4.5,4.6,230.0,14,Light Switches,https://m.media-amazon.com/images/I/61lxDpZcXsL._AC_UL320_.jpg,https://www.amazon.com/dp/B0892HCXGS,,400+ bought in past month,,4.5,,,,,,6/6/25,400,Traditional,0.49968769519050593
amazon,B00004YUO0,"Leviton 1451-2WM 15 Amp, 120 Volt, Toggle Framed Single-Pole Ac Quiet Switch, Residential Grade, Grounding, 10-Pack, White",Leviton,,7.53,,4.7,2513.0,12,Light Switches,https://m.media-amazon.com/images/I/518Onkc-POL._AC_UL320_.jpg,https://www.amazon.com/dp/B00004YUO0,,400+ bought in past month,,7.53,,,,,,6/6/25,400,Traditional,0.49968769519050593
amazon,B07J9PKNBH,"GE Grounding Paddle Rocker Switch 5 Pack, Single Pole, In Wall On/Off Power Switch Replacement for Ceiling Fans & Lights, 15 Amp, Great for Home, Office & Kitchen, UL Listed, White, 44017",GE,,11.74,2.35,4.7,9665.0,14,Light Switches,https://m.media-amazon.com/images/I/71QhhrbdzyL._AC_UL320_.jpg,https://www.amazon.com/dp/B07J9PKNBH,,300+ bought in past month,,2.35,,,,,,6/6/25,300,Traditional,0.3747657713928795
amazon,B0006V5PXK,"Lutron Maestro Companion Multi-Location Dimmer Not for Standalone Use MA-R-WH, White",Lutron,,18.95,21.27,4.5,1230.0,10,Dimmer Switches,https://m.media-amazon.com/images/I/61uuWbdz-dL._AC_UL320_.jpg,https://www.amazon.com/dp/B0006V5PXK,,300+ bought in past month,,21.27,,,,,,6/6/25,300,Traditional,0.3747657713928795
amazon,B0DG6G2SGZ,"Kasa Smart Dimmer Switch HS220, Single Pole, Needs Neutral Wire, 2.4GHz Wi-Fi Light Switch Compatible with Alexa and Google Home, UL Certified, No Hub Required, Black",Kasa,,21.99,5.0,4.5,41955.0,12,Dimmer Switches,https://m.media-amazon.com/images/I/61C3hsyi5HL._AC_UL320_.jpg,https://www.amazon.com/dp/B0DG6G2SGZ,,300+ bought in past month,,5.0,,,,,,6/6/25,300,Smart,0.3747657713928795
amazon,B01HIMC7EE,"Baomain Triple Rocker Light Switch, 15A 120V, 3 Switches, Commercial Grade, White",Baomain Store,,7.46,8.29,4.6,1519.0,17,Light Switches,https://m.media-amazon.com/images/I/51nTqP9YBbL._AC_UL320_.jpg,https://www.amazon.com/dp/B01HIMC7EE,,300+ bought in past month,,8.29,,,,,,6/6/25,300,Traditional,0.3747657713928795
amazon,B0814R5PSX,"Thinkbee Wireless Lights Switch Kit, No Wiring Mini Remote Switch, No WiFi Needed, Outdoor 1969ft Indoor 328ft Remote Control Lighting Fixture for Led Light, Ceiling Lights and Lamps, Waterproof",Thinkbee Store,,15.99,22.99,4.6,3847.0,7,Light Switches,https://m.media-amazon.com/images/I/41Yo3PSDTGL._AC_UL320_.jpg,https://www.amazon.com/dp/B0814R5PSX,,300+ bought in past month,,22.99,,,,,,6/6/25,300,Smart,0.3747657713928795
amazon,B085D8M2MR,"Lutron Diva LED+ Dimmer Switch for Dimmable LED, Halogen and Incandescent Bulbs, Single-Pole or 3-Way, DVCL-153P-WH, White (2-Pack)",Lutron,,56.76,28.38,4.6,11432.0,13,Dimmer Switches,https://m.media-amazon.com/images/I/71eIPBeQhxL._AC_UL320_.jpg,https://www.amazon.com/dp/B085D8M2MR,,300+ bought in past month,,28.38,,,,,,6/6/25,300,Traditional,0.3747657713928795
amazon,B004DZONJC,"Lutron Diva LED+ Dimmer Switch for Dimmable LED, Halogen and Incandescent Bulbs, 150W/Single-Pole or 3-Way, DVSCCL-153P-SW, Snow",Lutron,,38.95,,4.6,86.0,2,Dimmer Switches,https://m.media-amazon.com/images/I/61n0gLp3kHL._AC_UL320_.jpg,https://www.amazon.com/dp/B004DZONJC,,300+ bought in past month,,38.95,,,,,,6/6/25,300,Traditional,0.3747657713928795
amazon,B095X5HTLS,"Amazon Basics Smart Dimmer Switch, 3-Way, Works with Alexa Only, 2.4 GHz Wi-Fi, No Hub Required, White",Amazon,,19.99,,4.3,5959.0,1,Dimmer Switches,https://m.media-amazon.com/images/I/711bVtGfjdL._AC_UL320_.jpg,https://www.amazon.com/dp/B095X5HTLS,,300+ bought in past month,,19.99,,,,,,6/6/25,300,Smart,0.3747657713928795
amazon,B0CZKYMVPR,"Wireless Light Switch and Receiver Kit, 200FT RF Range Remote Control Light Switch, No Rewiring, No Interference, Wireless Wall Switch for Ceiling Light, Fans, Lamps, Pre-Programmed",GE,,9.99,12.99,4.6,119.0,19,Light Switches,https://m.media-amazon.com/images/I/512oycGiNiL._AC_UL320_.jpg,https://www.amazon.com/dp/B0CZKYMVPR,,300+ bought in past month,,12.99,,,,,,6/6/25,300,Traditional,0.3747657713928795
amazon,B082LKCXV9,"GE CYNC Smart Light Switch, Paddle Style, No Neutral Wire Required, Bluetooth and 2.4 GHz WiFi 3-Wire Switch, Works with Amazon Alexa and Google Home, White (1 Pack)",Amazon,,29.98,44.98,3.7,4261.0,19,Light Switches,https://m.media-amazon.com/images/I/71ieD7JCeFL._AC_UL320_.jpg,https://www.amazon.com/dp/B082LKCXV9,,300+ bought in past month,,44.98,,,,,,6/6/25,300,Smart,0.3747657713928795
amazon,B07HNFWWZV,"ENERLITES Elite Series Decorator Rocker Light Switch, 15A 120V/277V, Gloss Finish, Single Pole, 3 Wire, Grounding Screw, Residential Grade, UL Listed, 91150-GD, Gold Color",ENERLITES Store,,9.99,,4.6,2335.0,2,Light Switches,https://m.media-amazon.com/images/I/81SsfawEeRL._AC_UL320_.jpg,https://www.amazon.com/dp/B07HNFWWZV,,300+ bought in past month,,9.99,,,,,,6/6/25,300,Traditional,0.3747657713928795
amazon,B01AFU1KOY,"Decora Smart Dimmer Switch Companion for Multi-Location Dimming (Not for Stand-Alone use), 120/277VAC, 60Hz, DD00R-DLZ, White, Ivory, Light Almond",Leviton Store,,22.38,32.69,4.6,1676.0,17,Dimmer Switches,https://m.media-amazon.com/images/I/51HsNRhln+L._AC_UL320_.jpg,https://www.amazon.com/dp/B01AFU1KOY,,300+ bought in past month,,32.69,,,,,,6/6/25,300,Smart,0.3747657713928795
amazon,B08R9R2C8M,"Suraielec 3 Way Wireless Light Switch, No Wiring, No WiFi, 100ft RF Range, Pre-Programmed, Expandable Wireless Wall Switch and Receiver Kit, Remote Control Light Fixture for Lamp, Ceiling Light, Fan",GE,,16.99,,4.2,810.0,21,Light Switches,https://m.media-amazon.com/images/I/61MRlRwyiCL._AC_UL320_.jpg,https://www.amazon.com/dp/B08R9R2C8M,,300+ bought in past month,,16.99,,,,,,6/6/25,300,Smart,0.3747657713928795
amazon,B000ZOJL1U,"Leviton 5243-W 15 Amp, 120/277 Volt, Duplex Style Two 3-Way Combination Switch, Commercial Grade, White",Leviton,,13.72,,4.7,625.0,3,Light Switches,https://m.media-amazon.com/images/I/71J4b5CGQ3L._AC_UL320_.jpg,https://www.amazon.com/dp/B000ZOJL1U,,200+ bought in past month,,13.72,,,,,,6/6/25,200,Traditional,0.24984384759525297
amazon,B07CKNWGN4,"TREATLIFE Smart Dimmer Switch, Single-Pole Smart Switch for Dimmable Bulbs, 2.4GHz WiFi Smart Light Switch Works with Alexa and Google Home, APP Remote Control, Neutral Wire Required",TREATLIFE,,19.99,,4.4,4101.0,12,Dimmer Switches,https://m.media-amazon.com/images/I/613DKJfa0vL._AC_UL320_.jpg,https://www.amazon.com/dp/B07CKNWGN4,,200+ bought in past month,,19.99,,,,,,6/6/25,200,Smart,0.24984384759525297
amazon,B09MW3C4MM,"ELEGRP Matte Black 3 Way Decorative Light Switch with Plate, 15Amp, 120-277 Volt, AC Rocker Paddle Wall Switch Replacement, Self-Grounding, Residential Grade, w/Wall Plate, UL Listed (10 Pack)",ELEGRP,,32.99,3.3,4.7,1258.0,5,Light Switches,https://m.media-amazon.com/images/I/51lH5hzUx+L._AC_UL320_.jpg,https://www.amazon.com/dp/B09MW3C4MM,,200+ bought in past month,,3.3,,,,,,6/6/25,200,Traditional,0.24984384759525297
amazon,B0BRDDFP2J,"UltraPro 700 Series Z-Wave In-Wall Smart Light Switch with QuickFit™ and SimpleWire™, White Toggle, Works with Google Assistant, Alexa, & SmartThings, Z-Wave Hub Required, Smart Home, 59368",UltraPro Store,,28.0,,4.0,42.0,16,Light Switches,https://m.media-amazon.com/images/I/816eljD3-mL._AC_UL320_.jpg,https://www.amazon.com/dp/B0BRDDFP2J,,200+ bought in past month,,28.0,,,,,,6/6/25,200,Smart,0.24984384759525297
amazon,B093PVYMZC,"ELEGRP Decorator Triple Rocker Light Switch, Three Single Pole Electrical Paddle Switch, 15A 120V, in-Wall On/Off Switch, Self-grounding, Wall Plate is Included, UL Listed (1 Pack, Glossy White)",ELEGRP,,9.99,,4.6,873.0,11,Light Switches,https://m.media-amazon.com/images/I/510sJug8LTL._AC_UL320_.jpg,https://www.amazon.com/dp/B093PVYMZC,,200+ bought in past month,,9.99,,,,,,6/6/25,200,Traditional,0.24984384759525297
amazon,B0B4RZFVJG,"Duplex Rocker Combination Decorator Switch,120VAC 15Amp,Ground Terminal,Residential/Commercial Grade,2 Individual Switches,UL Listed,Pack of 2,White",WENGART Store,,8.39,2.38,4.6,168.0,10,Light Switches,https://m.media-amazon.com/images/I/61u7QXHeJFL._AC_UL320_.jpg,https://www.amazon.com/dp/B0B4RZFVJG,,200+ bought in past month,,2.38,,,,,,6/6/25,200,Traditional,0.24984384759525297
amazon,B000NCTHHW,"Legrand Pass & Seymour 660BKG Trademaster 15 Amp Single Pole Toggle Light Switch, Residential Grade, Black (1 Count)",Legrand,,3.65,,4.8,1437.0,16,Light Switches,https://m.media-amazon.com/images/I/51bB5A6jZJL._AC_UL320_.jpg,https://www.amazon.com/dp/B000NCTHHW,,200+ bought in past month,,3.65,,,,,,6/6/25,200,Traditional,0.24984384759525297
amazon,B07SXDFH38,"Feit Electric Smart Dimmer Switch, Neutral Wire Required for Installation, Compatible with Amazon Alexa and Google Assistant, Smart Dimmer Light Switch, White, Model:DIM/WiFi",Amazon,,18.69,24.99,4.3,1483.0,9,Dimmer Switches,https://m.media-amazon.com/images/I/61xANNrUY7L._AC_UL320_.jpg,https://www.amazon.com/dp/B07SXDFH38,,200+ bought in past month,,24.99,,,,,,6/6/25,200,Smart,0.24984384759525297
amazon,B0BKZP98CN,"Light Switch, Dimmer Switch with Wireless Remote Control, Single Pole Smart Switch Support 2.4G&5G Compatible with Alexa",Humpptom,,25.99,35.99,4.0,315.0,3,Dimmer Switches,https://m.media-amazon.com/images/I/61GY6QS9jkL._AC_UL320_.jpg,https://www.amazon.com/dp/B0BKZP98CN,,200+ bought in past month,,35.99,,,,,,6/6/25,200,Smart,0.24984384759525297
amazon,B005K8XFRW,"Leviton L1461-2C Single-Pole Switch, White",Leviton,,4.35,,4.6,634.0,16,Light Switches,https://m.media-amazon.com/images/I/51gvQOJUIuS._AC_UL320_.jpg,https://www.amazon.com/dp/B005K8XFRW,,200+ bought in past month,,4.35,,,,,,6/6/25,200,Traditional,0.24984384759525297
amazon,B09V7HG417,"ELEGRP Digital Rotating Dimmer Switch for Dimmable LED, CFL and Incandescent Light Lamp Bulbs, Single Pole / 3-Way Rotary Dimmer Switch, Wall Plate Included, UL Listed (1 Pack, Matte White)",ELEGRP,,12.99,1.3,4.3,302.0,7,Dimmer Switches,https://m.media-amazon.com/images/I/417JV3wI56L._AC_UL320_.jpg,https://www.amazon.com/dp/B09V7HG417,,200+ bought in past month,,1.3,,,,,,6/6/25,200,Traditional,0.24984384759525297
amazon,B0033PSGAU,"Leviton 5224-2W 15 Amp, 120/277 Volt, Duplex Style Single-Pole/Single-Pole AC Combination Switch, Grounding, White",Leviton,,11.2,,4.6,662.0,14,Light Switches,https://m.media-amazon.com/images/I/51FvLKlFfrL._AC_UL320_.jpg,https://www.amazon.com/dp/B0033PSGAU,,200+ bought in past month,,11.2,,,,,,6/6/25,200,Traditional,0.24984384759525297
amazon,B0BX4KH8HV,"Lutron Sunnata Touch Dimmer Switch with Wallplate with LED+ Advanced Technology, for LED and Incandescent, 3 Way/Multi Location, STCL-153MW-WH, White",Lutron,,46.2,,4.6,411.0,5,Dimmer Switches,https://m.media-amazon.com/images/I/51LrFOIuF-L._AC_UL320_.jpg,https://www.amazon.com/dp/B0BX4KH8HV,,200+ bought in past month,,46.2,,,,,,6/6/25,200,Traditional,0.24984384759525297
amazon,B0BD9CSHXP,"Leviton DHD05-1LW Dual Combination Humidity Sensor with Separate Light Switch, automate Bathroom Exhaust Fan, air Circulation, Moisture Control, Single Pole/Single Pole, ¼ HP, White",Leviton,,39.49,49.99,3.9,216.0,21,Light Switches,https://m.media-amazon.com/images/I/51Gj7hnMA6L._AC_UL320_.jpg,https://www.amazon.com/dp/B0BD9CSHXP,,200+ bought in past month,,49.99,,,,,,6/6/25,200,Traditional,0.24984384759525297
amazon,B0BY29HKMM,"3 Way Decorator Paddle Light Switch, Electrical Rocker Light Switch, Single Pole or Three Way, 3 Wire, 15A 120V/277V, UL Listed, White (20 Pack)",TAKETEK Store,,26.99,1.35,4.6,432.0,21,Light Switches,https://m.media-amazon.com/images/I/81BIKJUA8-L._AC_UL320_.jpg,https://www.amazon.com/dp/B0BY29HKMM,,200+ bought in past month,,1.35,,,,,,6/6/25,200,Traditional,0.24984384759525297
amazon,B004DZONXI,"Lutron Credenza LED+ 100-Watt Plug-In Lamp Dimmer Switch, TTCL-100H-BL, Black",Lutron,,16.92,,4.4,3866.0,16,Dimmer Switches,https://m.media-amazon.com/images/I/51voXNiV1jL._AC_UL320_.jpg,https://www.amazon.com/dp/B004DZONXI,,200+ bought in past month,,16.92,,,,,,6/6/25,200,Traditional,0.24984384759525297
amazon,B002DNG3EE,"GE 3-Way Rotating Dimmer Switch, Push On/Off, Use with Dimmable LED, CFL, and Incandescent Bulbs, Includes Two Knob Colors, UL Listed, White/Light Almond, 18020",GE,,11.18,13.99,4.4,2929.0,1,Dimmer Switches,https://m.media-amazon.com/images/I/81KjNriUUEL._AC_UL320_.jpg,https://www.amazon.com/dp/B002DNG3EE,,200+ bought in past month,,13.99,,,,,,6/6/25,200,Traditional,0.24984384759525297
amazon,B08KDGBKNC,"CML Single Pole Decorator Light Switch, 20 Pack Rocker Paddle Wall Switch, 15A 120/277V, On/Off Interrupter, UL Listed, White",CML Hardware Store,,28.49,1.42,4.4,444.0,24,Light Switches,https://m.media-amazon.com/images/I/71UYvANeFOL._AC_UL320_.jpg,https://www.amazon.com/dp/B08KDGBKNC,,200+ bought in past month,,1.42,,,,,,6/6/25,200,Traditional,0.24984384759525297
amazon,B087T6N3RZ,"2 Pack Illuminated Light Switch,Paddle Rocker Wall Switch with LED Night Light, Automatic On/Off Sensor, Single Pole, 15Amp 120/277Volt, White",SOZULAMP Store,,17.88,8.94,4.5,1716.0,2,Light Switches,https://m.media-amazon.com/images/I/51+3EDRpOXL._AC_UL320_.jpg,https://www.amazon.com/dp/B087T6N3RZ,,200+ bought in past month,,8.94,,,,,,6/6/25,200,Traditional,0.24984384759525297
amazon,B07MBBP1RM,"ENERLITES 3 Speed Ceiling Fan Control and Dimmer Light Switch, 2.5A Single Pole Light Fan Switch, 300W Incandescent Load, No Neutral Wire Required, 17001-F3-W, 120 Volts (AC), White, 2 Pack",ENERLITES Store,,34.18,17.09,4.1,2748.0,20,Dimmer Switches,https://m.media-amazon.com/images/I/61ISJ2Mn0fL._AC_UL320_.jpg,https://www.amazon.com/dp/B07MBBP1RM,,200+ bought in past month,,17.09,,,,,,6/6/25,200,Traditional,0.24984384759525297
amazon,B00B363T9O,"Leviton SureSlide Dimmer Switch for Dimmable LED, Halogen and Incandescent Bulbs, 6674-P0E, Black",Leviton,,18.41,,4.5,1566.0,6,Dimmer Switches,https://m.media-amazon.com/images/I/718PfDq0gdL._AC_UL320_.jpg,https://www.amazon.com/dp/B00B363T9O,,200+ bought in past month,,18.41,,,,,,6/6/25,200,Traditional,0.24984384759525297
amazon,B000U3I0RM,"Leviton 5628-2W 20 Amp, 120 Volt, Decora Plus Rocker Pilot Light, Illuminated On, Req. Neutral Single-Pole AC Quiet Switch, Commercial Grade, Self Grounding, White",Leviton,,15.25,,4.6,775.0,23,Light Switches,https://m.media-amazon.com/images/I/515Qs8CgPJL._AC_UL320_.jpg,https://www.amazon.com/dp/B000U3I0RM,,200+ bought in past month,,15.25,,,,,,6/6/25,200,Traditional,0.24984384759525297
amazon,B0CK4TM2R9,"Greencycle 3 Way Decora Switch - White, 4 Pack Three Way/Single Pole Rocker Switch, 15A 120/277V, On/Off Paddle Interrupter, Residential/Commercial Grade, UL/CUL Listed",greencycle Store,,12.99,3.25,4.6,118.0,6,Light Switches,https://m.media-amazon.com/images/I/61iOGLSmqGL._AC_UL320_.jpg,https://www.amazon.com/dp/B0CK4TM2R9,,200+ bought in past month,,3.25,,,,,,6/6/25,200,Traditional,0.24984384759525297
amazon,B0C3VCN1GV,"ELEGRP Single Pole Toggle Light Switch, 15 Amp, 120 Volt, Toggle Framed AC Quiet Switch, in Wall On/Off Switch Replacement, Self-Grounding, Residential and Commercial Grade, UL (5 Pack, Glossy Black)",ELEGRP,,9.99,2.0,4.7,1291.0,8,Light Switches,https://m.media-amazon.com/images/I/61kuPHC-4dL._AC_UL320_.jpg,https://www.amazon.com/dp/B0C3VCN1GV,,200+ bought in past month,,2.0,,,,,,6/6/25,200,Traditional,0.24984384759525297
amazon,B08SJ5Q6B9,"Leviton 5603-2AW Antimicrobial 15 Amp 120/277V Decora Rocker 3-Way AC Quiet Switch, White",Leviton,,5.65,,4.7,437.0,24,Light Switches,https://m.media-amazon.com/images/I/61jxgp0UupS._AC_UL320_.jpg,https://www.amazon.com/dp/B08SJ5Q6B9,,200+ bought in past month,,5.65,,,,,,6/6/25,200,Traditional,0.24984384759525297
amazon,B087TLPYDT,"4 Pack Illuminated Light Switch, Lightswitch with LED Night Light, Automatic On/Off Sensor, Single Pole Switch, 15Amp 120/277Volt,White",SOZULAMP Store,,28.88,7.22,4.4,2132.0,16,Light Switches,https://m.media-amazon.com/images/I/618tshvKHXL._AC_UL320_.jpg,https://www.amazon.com/dp/B087TLPYDT,,200+ bought in past month,,7.22,,,,,,6/6/25,200,Traditional,0.24984384759525297
amazon,B0CT3QK4JP,"Lutron Maestro LED+ Dual Dimmer and Timer Switch for Lights or Fans| 75-Watt LED Bulbs/2.5A Fans, Single-Pole | MACL-L3T251-WH | White",Lutron,,68.95,,4.6,53.0,23,Dimmer Switches,https://m.media-amazon.com/images/I/6106+dmZUnL._AC_UL320_.jpg,https://www.amazon.com/dp/B0CT3QK4JP,,200+ bought in past month,,68.95,,,,,,6/6/25,200,Traditional,0.24984384759525297
amazon,B0012DMB6A,"Leviton 5604-2W 15 Amp, 120/277 Volt, Decora Rocker 4-Way AC Quiet Switch, Residential Grade, Grounding, White",Leviton,,13.98,,4.5,842.0,22,Light Switches,https://m.media-amazon.com/images/I/51EUX-QxD2L._AC_UL320_.jpg,https://www.amazon.com/dp/B0012DMB6A,,200+ bought in past month,,13.98,,,,,,6/6/25,200,Traditional,0.24984384759525297
amazon,B0CTZQZXLL,"ELEGRP Digital Toggle Dimmer Switch for Dimmable LED, CFL and Incandescent Light Bulbs, Single Pole or 3-Way Toggle LED Dimmer Light Switch, Wall Plate Included, UL Listed, 6 Pack, White",ELEGRP,,62.99,10.5,4.4,433.0,8,Dimmer Switches,https://m.media-amazon.com/images/I/61tqBDefWgL._AC_UL320_.jpg,https://www.amazon.com/dp/B0CTZQZXLL,,200+ bought in past month,,10.5,,,,,,6/6/25,200,Traditional,0.24984384759525297
amazon,B09HSWR3YG,"Wyze Switch, 2.4 GHz WiFi Smart Light Switch, Single-Pole, Needs Neutral Wire, Compatible with Alexa, Google Assistant, and IFTTT, No Hub Required, 3-Pack, White",WYZE Store,,41.9,,4.4,844.0,9,Light Switches,https://m.media-amazon.com/images/I/718WTuB7qjL._AC_UL320_.jpg,https://www.amazon.com/dp/B09HSWR3YG,,200+ bought in past month,,41.9,,,,,,6/6/25,200,Smart,0.24984384759525297
amazon,B0CMQKDNDQ,"BESTTEN Super Slim Dimmer Light Switch, Quiet Rocker, Max 300W LED, CFL, 600W Incandescent, Single Pole or 3 Way Dimmable Switch with Screwless Wallplate, ETL Listed, 3 Pack, White",BESTTEN,,27.99,9.33,4.2,131.0,14,Dimmer Switches,https://m.media-amazon.com/images/I/61ArhfE8XOL._AC_UL320_.jpg,https://www.amazon.com/dp/B0CMQKDNDQ,,200+ bought in past month,,9.33,,,,,,6/6/25,200,Traditional,0.24984384759525297
amazon,B08XH6HRTZ,"Simple Dimmer by Deako, Slide Switch, 3-Way/4-Way/Single Pole, Neutral Wire Required, White",Deako Store,,59.99,,4.6,406.0,17,Dimmer Switches,https://m.media-amazon.com/images/I/41u0W5H+gyL._AC_UL320_.jpg,https://www.amazon.com/dp/B08XH6HRTZ,,200+ bought in past month,,59.99,,,,,,6/6/25,200,Traditional,0.24984384759525297
amazon,B07LGCYXQ4,"TOPGREENER Kalide Dimmer Light Switch, LED Dimmer Switch, Full Range Dimming, Single Pole/3-Way, 120VAC, 60Hz, 300W LED/CFL, Neutral Wire Not Required, Wall Plate Included, Gold, 1 Pack",GE,,29.99,,4.4,39.0,15,Dimmer Switches,https://m.media-amazon.com/images/I/71rWXijOztL._AC_UL320_.jpg,https://www.amazon.com/dp/B07LGCYXQ4,,200+ bought in past month,,29.99,,,,,,6/6/25,200,Traditional,0.24984384759525297
amazon,B0D2DRSXC1,"Leviton Decora Smart Switch Z-Wave 800 Series, ZW15S-1RW",Leviton,,43.99,,4.1,1357.0,18,Light Switches,https://m.media-amazon.com/images/I/51jFoKPJjvL._AC_UL320_.jpg,https://www.amazon.com/dp/B0D2DRSXC1,,200+ bought in past month,,43.99,,,,,,6/6/25,200,Smart,0.24984384759525297
amazon,B08JV93V5X,"(50 Pack) CML Decorator Wall Light Switch, Single Pole Switch, 15A 120/277V, 3-Year Warranty, White",CML Hardware Store,,69.34,1.39,4.5,279.0,2,Light Switches,https://m.media-amazon.com/images/I/716P-LkrxCL._AC_UL320_.jpg,https://www.amazon.com/dp/B08JV93V5X,Only 4 left in stock - order soon.,200+ bought in past month,,1.39,,,,,,6/6/25,200,Traditional,0.24984384759525297
amazon,B000U3DUZO,"Leviton 5627-W 20 Amp, 120/277 Volt, Decora Single-Pole / Single-Pole AC Combination Switch, Commercial Grade, Grounding, White",Leviton,,19.2,,4.7,366.0,20,Light Switches,https://m.media-amazon.com/images/I/61B6y-hNWCL._AC_UL320_.jpg,https://www.amazon.com/dp/B000U3DUZO,,100+ bought in past month,,19.2,,,,,,6/6/25,100,Traditional,0.12492192379762648
amazon,B07J9V2QKW,"GE CYNC Smart Dimmer Light Switch, Neutral Wire Required, Bluetooth and 2.4 GHz WiFi 4-Wire Switch, Works with Amazon Alexa and Google Home, White (1 Pack)",Amazon,,29.99,,3.9,2167.0,2,Dimmer Switches,https://m.media-amazon.com/images/I/71emmMiMbHL._AC_UL320_.jpg,https://www.amazon.com/dp/B07J9V2QKW,,100+ bought in past month,,29.99,,,,,,6/6/25,100,Smart,0.12492192379762648
amazon,B0CN6RV8W8,"ThunderWay Single Pole Decorator Wall Light Switch with Wall Plate, 15A 120V/277V, On/Off Paddle Switch, Residential Grade - UL Listed, White (20)",ThunderWay Store,,32.99,1.65,4.7,551.0,10,Light Switches,https://m.media-amazon.com/images/I/61ihZ2B1b1L._AC_UL320_.jpg,https://www.amazon.com/dp/B0CN6RV8W8,,100+ bought in past month,,1.65,,,,,,6/6/25,100,Traditional,0.12492192379762648
amazon,B0865WTH62,"DEWENWILS Plug in Dimmer Switch for Lamp, Push/Foot Dimmer Plug, Table Lamp Dimmer for Dimmable LED/CFL/Incandescent Bulb, Full Range Slide Control, 5 ft Extension Cord, ETL Listed, Black",GE,,14.99,17.48,4.3,967.0,3,Dimmer Switches,https://m.media-amazon.com/images/I/61j93HEyQgL._AC_UL320_.jpg,https://www.amazon.com/dp/B0865WTH62,,100+ bought in past month,,17.48,,,,,,6/6/25,100,Traditional,0.12492192379762648
amazon,B098XB2BQ7,"ELEGRP 4 Way Decorative Light Switch, 15Amp, 120-277 Volt, AC Decorator Rocker Paddle Wall Switch Replacement, Self-Grounding, Residential and Commercial Grade, UL Listed (10 Pack, Glossy White)",ELEGRP,,28.99,2.9,4.6,287.0,1,Light Switches,https://m.media-amazon.com/images/I/61GMU1QJ1cL._AC_UL320_.jpg,https://www.amazon.com/dp/B098XB2BQ7,,100+ bought in past month,,2.9,,,,,,6/6/25,100,Traditional,0.12492192379762648
amazon,B081ZQWX1F,"Aqara Smart Light Switch (No Neutral, Single Rocker), Requires AQARA HUB, Zigbee Light Switch, Remote Control and Smart Home Automation, Compatible with HomeKit, Google, Works with Alexa, SmartThings",Aqara Store,,39.99,,4.3,989.0,16,Light Switches,https://m.media-amazon.com/images/I/61FUIaGCp2L._AC_UL320_.jpg,https://www.amazon.com/dp/B081ZQWX1F,,100+ bought in past month,,39.99,,,,,,6/6/25,100,Smart,0.12492192379762648
amazon,B000U3I11C,"Leviton 54521-2W 20-Amp, 120/277-Volt, Toggle Framed Single-Pole AC Quiet Switch, Commercial Grade, Grounding, White",Leviton,,5.2,6.24,4.6,181.0,15,Light Switches,https://m.media-amazon.com/images/I/51UUCrl0ZQL._AC_UL320_.jpg,https://www.amazon.com/dp/B000U3I11C,,100+ bought in past month,,6.24,,,,,,6/6/25,100,Traditional,0.12492192379762648
amazon,B08YMGCQKY,"Leviton 15 Amp Decora LED Illuminated Light Wall Switch 3-Way, White, L5613-2W",Leviton,,13.48,17.43,4.6,233.0,4,Light Switches,https://m.media-amazon.com/images/I/51BooMugzeL._AC_UL320_.jpg,https://www.amazon.com/dp/B08YMGCQKY,,100+ bought in past month,,17.43,,,,,,6/6/25,100,Traditional,0.12492192379762648
amazon,B07V3XB1QG,"TREATLIFE 3 Way Smart Light Switch 4 Pack, 2.4GHz Wi-Fi Smart Switch Works with Alexa and Google Home, Neutral Wire Required, Remote Control, FCC Certified, No Hub Required",TREATLIFE,,49.99,12.5,4.4,2429.0,2,Light Switches,https://m.media-amazon.com/images/I/61mYkQ2VaYL._AC_UL320_.jpg,https://www.amazon.com/dp/B07V3XB1QG,,100+ bought in past month,,12.5,,,,,,6/6/25,100,Smart,0.12492192379762648
amazon,B01N1229L4,"Legrand Pass & Seymour LSCLDC163PWCCV4 450W LS Series Preset Dimmer Light Switch for Dimmable LED and CFL Bulbs Plus 1.6A Fan Control, Single Pole/3-Way, White (1 Count)",Legrand,,39.79,,4.3,366.0,14,Dimmer Switches,https://m.media-amazon.com/images/I/71A65-hOa9L._AC_UL320_.jpg,https://www.amazon.com/dp/B01N1229L4,,100+ bought in past month,,39.79,,,,,,6/6/25,100,Traditional,0.12492192379762648
amazon,B0D14GN918,"ECOELER Rocker Dimmer Switch, Single Pole/3-Way LED Slide Dimmer Light Switch LED, CFL, Halogen and Incandescent Bulbs, Wall Plate Included, ETL Listed, White",GE,,9.99,12.99,4.4,14.0,3,Dimmer Switches,https://m.media-amazon.com/images/I/41qZk3KASdL._AC_UL320_.jpg,https://www.amazon.com/dp/B0D14GN918,,100+ bought in past month,,12.99,,,,,,6/6/25,100,Traditional,0.12492192379762648
amazon,B0734VSNGH,"Legrand radiant RH453PDBCCV6 450W Preset Decorator Rocker Dimmer Light Switch with Locator Light for Dimmable LED and CFL Bulbs, Single Pole/3-Way, Dark Bronze (1 Count)",Legrand,,34.88,,4.7,558.0,18,Dimmer Switches,https://m.media-amazon.com/images/I/61dJd-r4TWL._AC_UL320_.jpg,https://www.amazon.com/dp/B0734VSNGH,,100+ bought in past month,,34.88,,,,,,6/6/25,100,Traditional,0.12492192379762648
amazon,B0DBJ9RC3M,"Lutron Diva Smart Dimmer Switch ELV+ for Caseta Smart Lighting (Lutron Smart Hub Required), 250-Watt LED, Neutral Required, DVRF-5NE-WH, White",Lutron,,139.95,,4.7,27.0,19,Dimmer Switches,https://m.media-amazon.com/images/I/71DuXyJNatL._AC_UL320_.jpg,https://www.amazon.com/dp/B0DBJ9RC3M,,100+ bought in past month,,139.95,,,,,,6/6/25,100,Smart,0.12492192379762648
amazon,B092ZGJ3PB,"0-10V LED Dimmer Switch, Low Voltage Dimmer Switch for Dimmable LED Lights, CFL, Halogen and Incandescent Bulbs, Single-Pole or 3-Way, Wallplate Included, ETL Listed (White, 1 Pack)",GE,,23.59,5.49,4.2,218.0,24,Dimmer Switches,https://m.media-amazon.com/images/I/511sO2Q9pgL._AC_UL320_.jpg,https://www.amazon.com/dp/B092ZGJ3PB,,100+ bought in past month,,5.49,,,,,,6/6/25,100,Traditional,0.12492192379762648
amazon,B077XDB8FV,"Lutron Maestro Fan Control and Light Dimmer for Dimmable LEDs, Incandescent, and Halogen Bulbs, Single-Pole, MACL-LFQ-WH, White",Lutron,,58.95,,4.4,2012.0,17,Dimmer Switches,https://m.media-amazon.com/images/I/61l1SZPwXcL._AC_UL320_.jpg,https://www.amazon.com/dp/B077XDB8FV,,100+ bought in past month,,58.95,,,,,,6/6/25,100,Traditional,0.12492192379762648
amazon,B07YKFSWJN,"TREATLIFE Smart Dimmer Switch 4 Pack, Smart Light Switch Works with Alexa and Google Assistant, Neutral Wire Needed, 2.4Ghz Wi-Fi, Schedule, Remote Control, Single Pole, FCC Listed",TREATLIFE,,67.99,17.0,4.3,2357.0,20,Dimmer Switches,https://m.media-amazon.com/images/I/61x+RR5fmZL._AC_UL320_.jpg,https://www.amazon.com/dp/B07YKFSWJN,,100+ bought in past month,,17.0,,,,,,6/6/25,100,Smart,0.12492192379762648
amazon,B000I3UT1Y,"Legrand radiant TM870WSLCC10 15 Amp Rocker Wall Switch with Locator Light, Single Pole Decorator Light Switches, White (1 Count)",Legrand,,10.79,,4.5,445.0,23,Light Switches,https://m.media-amazon.com/images/I/61QPgEkO+0L._AC_UL320_.jpg,https://www.amazon.com/dp/B000I3UT1Y,,100+ bought in past month,,10.79,,,,,,6/6/25,100,Traditional,0.12492192379762648
amazon,B0CYSTBMGJ,"DEWENWILS 2 Pack Touch Dimmer Switch, Plug and Play Lamp Touch Control Pad, Touch Lamp Switch, Dimmable LED/CFL Lights, and Incandescent Bulbs, Dimmer Extension Cord, ETL Listed, White",DEWENWILS Store,,21.99,11.0,4.2,145.0,12,Dimmer Switches,https://m.media-amazon.com/images/I/61CMd+blhlL._AC_UL320_.jpg,https://www.amazon.com/dp/B0CYSTBMGJ,,100+ bought in past month,,11.0,,,,,,6/6/25,100,Traditional,0.12492192379762648
amazon,B0009I7IDA,"Leviton L1461-2W Single-Pole Switch, White",Leviton,,4.35,,4.7,118.0,4,Light Switches,https://m.media-amazon.com/images/I/51D0bb2RvcS._AC_UL320_.jpg,https://www.amazon.com/dp/B0009I7IDA,,100+ bought in past month,,4.35,,,,,,6/6/25,100,Traditional,0.12492192379762648
amazon,B01N8TTXYD,"Legrand radiant RH453PTCCCV6 450W Preset Decorator Rocker Dimmer Light Switch with Locator Light for Dimmable LED and CFL Bulbs, Single Pole/3-Way, White/Light Almond/Ivory (1 Count)",Legrand,,24.11,25.3,4.5,691.0,5,Dimmer Switches,https://m.media-amazon.com/images/I/81VXYfG3QlL._AC_UL320_.jpg,https://www.amazon.com/dp/B01N8TTXYD,,100+ bought in past month,,25.3,,,,,,6/6/25,100,Traditional,0.12492192379762648
amazon,B0D3TZJWK1,"Amico 2 Pack Dimmer Light Switch, Single-Pole or 3-Way Compatible Slide Control Dimmer, Suitable for 150W LED Light/CFL/Incandescent and 600W Tungsten Bulb, Wall Plates and Screws Included, White",Amico Store,,15.99,8.0,3.9,38.0,19,Dimmer Switches,https://m.media-amazon.com/images/I/51LvIZrsJPL._AC_UL320_.jpg,https://www.amazon.com/dp/B0D3TZJWK1,,100+ bought in past month,,8.0,,,,,,6/6/25,100,Traditional,0.12492192379762648
amazon,B07WS31L87,"BESTTEN 2 Pack Combination Toggle Light Switch and Duplex Receptacle Outlet, Single Pole Toggle Wall Switch, Grounded Outlet, Combo Style, 15 Amp, Wallplate Included, UL Listed, White",BESTTEN,,13.99,7.0,4.6,460.0,21,Light Switches,https://m.media-amazon.com/images/I/61GZJkqxwUL._AC_UL320_.jpg,https://www.amazon.com/dp/B07WS31L87,,100+ bought in past month,,7.0,,,,,,6/6/25,100,Traditional,0.12492192379762648
amazon,B07B3LXZJ9,"UltraPro Z-Wave Smart Rocker Light Dimmer with QuickFit and SimpleWire, 3-Way Ready, Compatible with Alexa, Google Assistant, ZWave Hub Required, Repeater/Range Extender, White Paddle Only, 39351",GE,,27.41,,4.2,1111.0,18,Dimmer Switches,https://m.media-amazon.com/images/I/814nzYpd7NL._AC_UL320_.jpg,https://www.amazon.com/dp/B07B3LXZJ9,,100+ bought in past month,,27.41,,,,,,6/6/25,100,Smart,0.12492192379762648
amazon,B0DHYJKVX9,"TP-Link Tapo Smart Dimmer Switch, Single Pole, Neutral Wire Required, 2.4GHz Wi-Fi Light Switch Compatible with Alexa and Google Home, UL Certified, No Hub Required, White, Tapo S500D(4-Pack)",TP-Link,,52.99,13.25,4.5,560.0,8,Dimmer Switches,https://m.media-amazon.com/images/I/61joTWW8+bL._AC_UL320_.jpg,https://www.amazon.com/dp/B0DHYJKVX9,,100+ bought in past month,,13.25,,,,,,6/6/25,100,Smart,0.12492192379762648
amazon,B000U39UC6,"Leviton CS220-2W 20-Amp, 120/277-Volt, Toggle Double-Pole AC Quiet Switch, Commercial Grade, White",Leviton,,9.44,16.4,4.6,224.0,12,Light Switches,https://m.media-amazon.com/images/I/71UGekCRoHL._AC_UL320_.jpg,https://www.amazon.com/dp/B000U39UC6,,100+ bought in past month,,16.4,,,,,,6/6/25,100,Traditional,0.12492192379762648
amazon,B0DTK1HHN6,"ENERLITES Toggle Light Switch, 3-Way or Single Pole, 15A 120-277V, Grounding Screw, Residential Grade, UL Listed, 83150-W-5PCS, White (5 Pack)",ENERLITES Store,,11.99,2.4,4.5,731.0,8,Light Switches,https://m.media-amazon.com/images/I/81+zYOkBxwL._AC_UL320_.jpg,https://www.amazon.com/dp/B0DTK1HHN6,,100+ bought in past month,,2.4,,,,,,6/6/25,100,Traditional,0.12492192379762648
amazon,B07FXJFSS2,"[50 Pack] BESTTEN Single Pole Decorator Wall Light Switch with Wallplate, 15A 120/277V, On/Off Rocker Paddle Interrupter, UL Listed, White",BESTTEN,,85.99,1.72,4.6,866.0,22,Light Switches,https://m.media-amazon.com/images/I/71pklf7G38L._AC_UL320_.jpg,https://www.amazon.com/dp/B07FXJFSS2,,100+ bought in past month,,1.72,,,,,,6/6/25,100,Traditional,0.12492192379762648
amazon,B07ZJ7CPJC,"ELEGRP 3 Way Toggle Light Switch, 15 Amp, 120 V, Toggle Framed AC Quiet Switch, in Wall On/Off Switch Replacement, Self-Grounding, Residential and Commercial Grade, UL Listed (10 Pack, Glossy White)",ELEGRP,,17.79,,4.7,755.0,19,Light Switches,https://m.media-amazon.com/images/I/71zdmhxEUUL._AC_UL320_.jpg,https://www.amazon.com/dp/B07ZJ7CPJC,,100+ bought in past month,,17.79,,,,,,6/6/25,100,Traditional,0.12492192379762648
amazon,B000MAUP58,"Lutron Diva Electronic Low Voltage Dimmer | 300-Watt, Single-Pole or 3-Way | DVELV-303P-WH, White",Lutron,,78.0,,4.4,251.0,24,Dimmer Switches,https://m.media-amazon.com/images/I/717CX6I1XzL._AC_UL320_.jpg,https://www.amazon.com/dp/B000MAUP58,,100+ bought in past month,,78.0,,,,,,6/6/25,100,Traditional,0.12492192379762648
amazon,B09K3HQPYG,"GHome Smart Dual Dimmer Switch, Space Saving, 2 in 1 Control , WiFi Smart Light Switch Compatible with Alexa and Google Home, Neutral Wire Required, Voice Control, Single-Pole(1 Pack)",GHome Smart Store,,23.99,4.0,4.2,290.0,21,Dimmer Switches,https://m.media-amazon.com/images/I/61PyN88irpL._AC_UL320_.jpg,https://www.amazon.com/dp/B09K3HQPYG,,100+ bought in past month,,4.0,,,,,,6/6/25,100,Smart,0.12492192379762648
amazon,B0DDL35WNV,"Ghome Smart Dimmer Switch Single Pole 2.4GHz Wi-Fi Light Switch Compatible With Alexa and Google Home, White 1 Pack",GHome Smart Store,,16.99,1.31,4.5,74.0,21,Light Switches,https://m.media-amazon.com/images/I/612+cSG6n6L._AC_UL320_.jpg,https://www.amazon.com/dp/B0DDL35WNV,,100+ bought in past month,,1.31,,,,,,6/6/25,100,Smart,0.12492192379762648
amazon,B0C6P4NDSV,"UltraPro 700 Series Z-Wave In-Wall Smart Rocker Light Dimmer with QuickFit & SimpleWire, 3-Way Ready, Works with Alexa, Google Assistant, Z-Wave Hub Required, Smart Home, Voice Control, White, 59350",UltraPro Store,,26.74,,4.0,111.0,13,Dimmer Switches,https://m.media-amazon.com/images/I/81lIsfhBruL._AC_UL320_.jpg,https://www.amazon.com/dp/B0C6P4NDSV,,100+ bought in past month,,26.74,,,,,,6/6/25,100,Smart,0.12492192379762648
amazon,B00MXCRAX8,"Lutron Caseta Original Smart Dimmer Switch Starter Kit, with Pico Remote, Wall Plate, and Smart Hub, Works with Alexa, Apple Home, and Google Home, 3 Way, 150W, No Neutral Req, P-BDG-PKG1W",Lutron,,108.53,,4.6,969.0,12,Dimmer Switches,https://m.media-amazon.com/images/I/715MPVDVhJL._AC_UL320_.jpg,https://www.amazon.com/dp/B00MXCRAX8,,100+ bought in past month,,108.53,,,,,,6/6/25,100,Smart,0.12492192379762648
amazon,B0D2DQXBC2,"Leviton Decora Smart Dimmer Z-Wave 800 Series, ZW6HD-1RW",Leviton,,46.99,,4.1,1357.0,7,Dimmer Switches,https://m.media-amazon.com/images/I/51qZmlMNnML._AC_UL320_.jpg,https://www.amazon.com/dp/B0D2DQXBC2,,100+ bought in past month,,46.99,,,,,,6/6/25,100,Smart,0.12492192379762648
amazon,B000U3BV0U,"Leviton 54504-2W 15-Amp, 120/277-Volt, Toggle Framed 4-Way AC Quiet Switch, Commercial Grade, Grounding, White",Leviton,,9.28,14.7,4.7,62.0,15,Light Switches,https://m.media-amazon.com/images/I/51NofXyNYPL._AC_UL320_.jpg,https://www.amazon.com/dp/B000U3BV0U,,100+ bought in past month,,14.7,,,,,,6/6/25,100,Traditional,0.12492192379762648
amazon,B07WWYQJFR,"TREATLIFE Smart Switch 4 Pack, 2.4Ghz WiFi Light Switch Single-Pole, Neutral Wire Required, Works with Alexa, Google Home and SmartThings, Smart Home Remote Control, FCC Listed",TREATLIFE,,39.99,10.0,4.6,4138.0,15,Light Switches,https://m.media-amazon.com/images/I/61AK+PfWCzL._AC_UL320_.jpg,https://www.amazon.com/dp/B07WWYQJFR,,100+ bought in past month,,10.0,,,,,,6/6/25,100,Smart,0.12492192379762648
amazon,B09LLNT3KR,"GHome Smart Switch,Smart Wi-Fi Light Switch for Lights Works with Alexa and Google Home 2.4Ghz, Single-Pole,Neutral Wire Required,UL Certified,Voice Control (4 Pack)",GHome Store,,37.99,9.5,4.3,1475.0,6,Light Switches,https://m.media-amazon.com/images/I/61hbuHsuTkL._AC_UL320_.jpg,https://www.amazon.com/dp/B09LLNT3KR,,100+ bought in past month,,9.5,,,,,,6/6/25,100,Smart,0.12492192379762648
amazon,B0C3HGGYHG,"MOES Smart Double Light Switches, 2.4GHz Wi-Fi 2 Gang Single Pole Switch, Netural Wire Required, Inteligente Switch Combo Work with Alexa Google Assistant, Remote Controlgle Assistant, Remote Control",MOES,,19.99,,4.1,467.0,5,Light Switches,https://m.media-amazon.com/images/I/51lKLaoxMLL._AC_UL320_.jpg,https://www.amazon.com/dp/B0C3HGGYHG,,100+ bought in past month,,19.99,,,,,,6/6/25,100,Smart,0.12492192379762648
amazon,B09JZB8YGJ,"GHome Smart Dimmer Switch, Single Pole, Neutral Wire Required, 2.4GHz Light Switch WiFi Compatible with Alexa, Google Home, UL Certified,White, 4Pack",GHome Smart Store,,47.99,12.0,4.2,873.0,19,Dimmer Switches,https://m.media-amazon.com/images/I/61G6iWiF7AL._AC_UL320_.jpg,https://www.amazon.com/dp/B09JZB8YGJ,,100+ bought in past month,,12.0,,,,,,6/6/25,100,Smart,0.12492192379762648
amazon,B0B1LBPWZT,"TORCHSTAR 0-10V LED Dimmer Switch, Single-Pole or 3-Way Light Switch, 120-277V for Dimmable LED Panel Light Linear Light, ETL Listed, Pack of 2",TORCHSTAR Store,,39.99,20.0,4.2,55.0,18,Dimmer Switches,https://m.media-amazon.com/images/I/71IzujULAyL._AC_UL320_.jpg,https://www.amazon.com/dp/B0B1LBPWZT,,100+ bought in past month,,20.0,,,,,,6/6/25,100,Traditional,0.12492192379762648
amazon,B008X3CH70,"Lutron Maestro LED+ Dimmer Switch Kit for Dimmable LED, Halogen and Incandescent Bulbs, 150W/3-Way or Multi-Location, MACL-153M-RHW-WH, White",Lutron,,57.95,,4.6,683.0,12,Dimmer Switches,https://m.media-amazon.com/images/I/510nKcx5bPL._AC_UL320_.jpg,https://www.amazon.com/dp/B008X3CH70,,100+ bought in past month,,57.95,,,,,,6/6/25,100,Traditional,0.12492192379762648
amazon,B09482M85Y,"Zooz 800 Series Z-Wave Long Range Dimmer Switch ZEN72 800LR, White | Direct 3-Way (No Add-On Switch Needed) | Z-Wave Hub Required",GE,,42.95,,4.5,621.0,9,Dimmer Switches,https://m.media-amazon.com/images/I/5187zQEFF7L._AC_UL320_.jpg,https://www.amazon.com/dp/B09482M85Y,,100+ bought in past month,,42.95,,,,,,6/6/25,100,Smart,0.12492192379762648
amazon,B00SFGNO54,GE Rocker Dimmer Switch Rocker On/Off Light Switch Dimmer Switches for LED Lights Single Pole Energy Saving UL Listed White 10464,GE,,14.99,,4.4,2929.0,25,Dimmer Switches,https://m.media-amazon.com/images/I/81jFINOPoUL._AC_UL320_.jpg,https://www.amazon.com/dp/B00SFGNO54,,100+ bought in past month,,14.99,,,,,,6/6/25,100,Traditional,0.12492192379762648
amazon,B0D7BTM5LP,"ELEGRP Digital Dimmer Light Switch for 300W Dimmable LED/CFL and 600W Incandescent/Halogen, LED Slide Dimmer Light Switch, Single Pole/3-Way, Wall Plate Included, Matte White, UL Listed, 10 Pack",ELEGRP,,88.99,8.9,4.4,40.0,24,Dimmer Switches,https://m.media-amazon.com/images/I/61tGPPceXAL._AC_UL320_.jpg,https://www.amazon.com/dp/B0D7BTM5LP,,100+ bought in past month,,8.9,,,,,,6/6/25,100,Traditional,0.12492192379762648
amazon,B09B21W5JD,"10 Pack SOZULAMP Light Switch with LED Night Light 15Amp 120/277Volt Rocker Single Pole Wall Switch, Automatic On/Off Sensor",SOZULAMP Store,,58.9,5.89,4.3,493.0,13,Light Switches,https://m.media-amazon.com/images/I/51OHPg0JKOL._AC_UL320_.jpg,https://www.amazon.com/dp/B09B21W5JD,,100+ bought in past month,,5.89,,,,,,6/6/25,100,Traditional,0.12492192379762648
amazon,B008X3CZ6S,"Lutron Maestro LED+ Dimmer Switch for Dimmable LED, Halogen and Incandescent Bulbs, 150W/Single-Pole or Multi-Location, MACL-153M-BI, Biscuit",Lutron,,35.49,42.69,4.6,5245.0,23,Dimmer Switches,https://m.media-amazon.com/images/I/61G9gXbapiL._AC_UL320_.jpg,https://www.amazon.com/dp/B008X3CZ6S,,100+ bought in past month,,42.69,,,,,,6/6/25,100,Traditional,0.12492192379762648
amazon,B087P3DM42,"Meross Smart Light Switch Supports Apple HomeKit, Siri, Alexa, Google Assistant & SmartThings, 2.4GHz Wi-Fi Light Switch, Neutral Wire Required, Single Pole, Remote Control Schedule, 1 Pack,White",meross Store,,20.99,,4.4,3496.0,3,Light Switches,https://m.media-amazon.com/images/I/61A284I8FGL._AC_UL320_.jpg,https://www.amazon.com/dp/B087P3DM42,,100+ bought in past month,,20.99,,,,,,6/6/25,100,Smart,0.12492192379762648
amazon,B0DPQGHY9D,"GHome Smart 3 Way Dimmer Switch, 3 Way Smart Switch for Light Compatible with Alexa, Google Assistant, Neutral Wire Needed, 2.4GHz WiFi Light Switch, UL Certified, No Hub Required, 3 Pack",GHome Smart Store,,39.99,13.33,4.2,252.0,5,Light Switches,https://m.media-amazon.com/images/I/61UjUVKmbiL._AC_UL320_.jpg,https://www.amazon.com/dp/B0DPQGHY9D,,100+ bought in past month,,13.33,,,,,,6/6/25,100,Smart,0.12492192379762648
amazon,B08Q4F43HT,"Enbrighten Zigbee Smart Light Switch, QuickFit & SimpleWire, Pairs Directly with Echo Show 10, Echo Studio, Eero Pro 6, Alexa & Google Assistant, Smart Light Switch, 43078",Enbrighten Store,,41.49,,4.2,100.0,1,Light Switches,https://m.media-amazon.com/images/I/81LvXoZ8npL._AC_UL320_.jpg,https://www.amazon.com/dp/B08Q4F43HT,,100+ bought in past month,,41.49,,,,,,6/6/25,100,Smart,0.12492192379762648
amazon,B08562D7X8,"Enbrighten Almond Z-Wave Plus Smart Light Switch with QuickFit and SimpleWire, 3-Way Ready, Compatible with Alexa, Google Assistant, ZWave Hub Required, Repeater/Range Extender, Toggle, 14293",GE,,14.39,,4.2,311.0,12,Light Switches,https://m.media-amazon.com/images/I/91tD5iFYivL._AC_UL320_.jpg,https://www.amazon.com/dp/B08562D7X8,Only 3 left in stock - order soon.,100+ bought in past month,,14.39,,,,,,6/6/25,100,Smart,0.12492192379762648
amazon,B001EVKA8G,"Lee Electric 209DN 600-Watt Door Light Switch,White",Lee Store,,14.3,,4.6,765.0,6,Light Switches,https://m.media-amazon.com/images/I/81VU-U7rWML._AC_UL320_.jpg,https://www.amazon.com/dp/B001EVKA8G,,100+ bought in past month,,14.3,,,,,,6/6/25,100,Traditional,0.12492192379762648
amazon,B08YMYC8TD,"Leviton L1463-2C 15 Amp, 120 Volt, Toggle LED Illuminated 3-Way Switch, Residential Grade, Grounding, Clear",Leviton,,7.82,,4.5,210.0,9,Light Switches,https://m.media-amazon.com/images/I/61ez+a5N66L._AC_UL320_.jpg,https://www.amazon.com/dp/B08YMYC8TD,,100+ bought in past month,,7.82,,,,,,6/6/25,100,Traditional,0.12492192379762648
amazon,B0033PSGJQ,"Leviton 5634-GY 15 Amp, 120/277 Volt, Decora Brand Style Single-Pole, AC Combination Switch, Commercial Grade, Grounding, Gray",Leviton,,12.46,13.17,4.7,534.0,20,Light Switches,https://m.media-amazon.com/images/I/61E0SUVrxOL._AC_UL320_.jpg,https://www.amazon.com/dp/B0033PSGJQ,Only 1 left in stock - order soon.,100+ bought in past month,,13.17,,,,,,6/6/25,100,Traditional,0.12492192379762648
amazon,B0C861YTWD,"AIDA Single Pole Triple Paddle Rocker Decorator Light Switch, 15 Amp Self-grounding Electrical Light Switches, Residential Grade, UL Listed (1 Pack, Glossy White)",AIDA Store,,9.89,,4.6,83.0,16,Light Switches,https://m.media-amazon.com/images/I/51yuhndm7kL._AC_UL320_.jpg,https://www.amazon.com/dp/B0C861YTWD,,50+ bought in past month,,9.89,,,,,,6/6/25,50,Traditional,0.06246096189881324
amazon,B0BXDC6F2M,"ThunderWay 4-Way Decorator Wall Light Switches with Wallplates, 15A 120/277V UL Listed - On/Off Paddle Rocker, Self-Grounding - Residential and Commercial Grade (White, Pack of 2)",ThunderWay Store,,13.99,7.0,4.5,67.0,18,Light Switches,https://m.media-amazon.com/images/I/51ioLfsBRcL._AC_UL320_.jpg,https://www.amazon.com/dp/B0BXDC6F2M,,50+ bought in past month,,7.0,,,,,,6/6/25,50,Traditional,0.06246096189881324
amazon,B08MF7QF37,"BESTTEN 4 Pack 4-Way Decorator Wall Light Switch with Wallplate, 15A 120/277V, On/Off Paddle Rocker Interrupter, Self-Grounding, UL Listed, White",BESTTEN,,26.99,6.75,4.2,471.0,24,Light Switches,https://m.media-amazon.com/images/I/61vLDa6dZlL._AC_UL320_.jpg,https://www.amazon.com/dp/B08MF7QF37,,50+ bought in past month,,6.75,,,,,,6/6/25,50,Traditional,0.06246096189881324
amazon,B09WL82DB2,"Aiwode Rotating Dimmer Switch,Soldering Iron Temperature Control,Electric Fan、Factory Electric Fan,Ventilation Fan,Power Controller,Desk Lamp,Dimming LED Light,UL Listed,White,Below 200W,Pack of 1.",Aiwode Store,,18.99,2.0,4.1,276.0,16,Dimmer Switches,https://m.media-amazon.com/images/I/41wegyrM4vL._AC_UL320_.jpg,https://www.amazon.com/dp/B09WL82DB2,,50+ bought in past month,,2.0,,,,,,6/6/25,50,Traditional,0.06246096189881324
amazon,B0BYPD5WPG,"Lutron Claro Smart Switch for Caseta Smart Lighting (Lutron Smart Hub Required), for LED Lights and Fans, 5 Amp, Single-Pole/3-Way, Neutral Required, DVRF-5NS-LA, Light Almond",Lutron,,64.95,,4.7,392.0,11,Light Switches,https://m.media-amazon.com/images/I/51QFA8JQDOL._AC_UL320_.jpg,https://www.amazon.com/dp/B0BYPD5WPG,,50+ bought in past month,,64.95,,,,,,6/6/25,50,Smart,0.06246096189881324
amazon,B09FL9WPGL,"LANBON LCD 1/2/3 Gang Smart Light Switch,2.4G Wi-Fi Touch Smart Switch Works with Alexa/Google Home,Wireless 3 Way,WiFi Mesh 5-in-1 Wall Magic Panel No Offline,Neutral Wire Required,NO Dim,L8-HS-White",LANBON Store,,43.99,51.99,4.0,412.0,8,Light Switches,https://m.media-amazon.com/images/I/51607Wm683L._AC_UL320_.jpg,https://www.amazon.com/dp/B09FL9WPGL,,50+ bought in past month,,51.99,,,,,,6/6/25,50,Smart,0.06246096189881324
amazon,B06XTD713B,"Onite 2PCS LED Strip Dimmer Switch, USB Female to Male Extension Cord with Dimmable Rotary Switch",Onite Store,,9.99,5.0,4.4,433.0,5,Dimmer Switches,https://m.media-amazon.com/images/I/61MUSwHsksL._AC_UL320_.jpg,https://www.amazon.com/dp/B06XTD713B,,50+ bought in past month,,5.0,,,,,,6/6/25,50,Traditional,0.06246096189881324
amazon,B0C8NHJ83N,"Inline Lamp Switch 2-Pack, Full Range Rotary Dimmer Switch, Cord Switch Replacement for Floor Lamp, Table Lamp, Pendant Light, Fit for Incandescent, Halogen Bulbs, Dimmable LED Lights",GE,,13.96,,4.1,131.0,7,Dimmer Switches,https://m.media-amazon.com/images/I/71KngwWnNSL._AC_UL320_.jpg,https://www.amazon.com/dp/B0C8NHJ83N,,50+ bought in past month,,13.96,,,,,,6/6/25,50,Traditional,0.06246096189881324
amazon,B0BQTHBKH3,"ORVIBO Matter Smart Dimmer Switch, Works with Apple Home, Alexa & Google Home, w/Weather Display, Energy Monitoring, Single Pole, Neutral Wire Required",ORVIBO Store,,39.99,,3.9,189.0,8,Dimmer Switches,https://m.media-amazon.com/images/I/61PcrfH1KrL._AC_UL320_.jpg,https://www.amazon.com/dp/B0BQTHBKH3,,50+ bought in past month,,39.99,,,,,,6/6/25,50,Smart,0.06246096189881324
amazon,B000I3WAW0,"Legrand Pass & Seymour CSB20AC1WCC8 20 Amp 120/277V Hard Use Specification Grade Toggle Switch, Single Pole, Back and Side Wire, White (1 Count)",Legrand,,3.75,8.86,4.7,121.0,20,Light Switches,https://m.media-amazon.com/images/I/51JbFuL8XeL._AC_UL320_.jpg,https://www.amazon.com/dp/B000I3WAW0,,50+ bought in past month,,8.86,,,,,,6/6/25,50,Traditional,0.06246096189881324
amazon,B0C6NFBM79,"Enbrighten 59339 In-Wall Add-On Paddle Switch, White & Light Almond",Enbrighten Store,,16.15,24.99,4.4,1083.0,14,Light Switches,https://m.media-amazon.com/images/I/919mZgV13hL._AC_UL320_.jpg,https://www.amazon.com/dp/B0C6NFBM79,,50+ bought in past month,,24.99,,,,,,6/6/25,50,Traditional,0.06246096189881324
amazon,B0CB85MGHP,"Enbrighten Z-Wave Light Dimmer with QuickFit & SimpleWire, 3-Way Ready, Works with Alexa, Google Assistant, Z Wave Hub Required, Repeater/Range Extender, Smart Switch, White & Almond, 700Series, 58438",GE,,52.84,,4.3,391.0,17,Dimmer Switches,https://m.media-amazon.com/images/I/41Qo8P1JJPL._AC_UL320_.jpg,https://www.amazon.com/dp/B0CB85MGHP,,50+ bought in past month,,52.84,,,,,,6/6/25,50,Smart,0.06246096189881324
amazon,B08CDNTFM3,"SOZULAMP 3 Way Light Switch with Night Light-Easy to Install-No Neutral Required,Illuminated Three Way Switch with Light Sensor,15 Amp 110V,Residential Grade(2Pack,Dayligh LED)",SOZULAMP Store,,18.99,9.5,4.5,742.0,22,Light Switches,https://m.media-amazon.com/images/I/51sVCNRNPYL._AC_UL320_.jpg,https://www.amazon.com/dp/B08CDNTFM3,,50+ bought in past month,,9.5,,,,,,6/6/25,50,Traditional,0.06246096189881324
amazon,B073H9Y7SF,"Leviton Trimatron Rotary Dimmer Switch for Dimmable LED, Halogen and Incandescent Bulbs, RDL06-10Z, White",Leviton,,17.99,,4.6,146.0,7,Dimmer Switches,https://m.media-amazon.com/images/I/71lecvcgHVL._AC_UL320_.jpg,https://www.amazon.com/dp/B073H9Y7SF,,50+ bought in past month,,17.99,,,,,,6/6/25,50,Traditional,0.06246096189881324
amazon,B08GF3WQ19,"BESTTEN 5 Pack Dimmer Light Switch, Single Pole or 3-Way, Compatible with Dimmable LED, CFL, Incandescent and Halogen Bulb, LED Slide Dimmer Switch, Neutral Wire Not Required, 120VAC, UL Listed, White",BESTTEN,,37.99,7.6,4.1,525.0,22,Dimmer Switches,https://m.media-amazon.com/images/I/81suKfi8qzL._AC_UL320_.jpg,https://www.amazon.com/dp/B08GF3WQ19,,50+ bought in past month,,7.6,,,,,,6/6/25,50,Traditional,0.06246096189881324
amazon,B0C7LTX71C,"Lutron Diva Smart Dimmer Switch for Caseta Smart Lighting (Lutron Smart Hub Required), for LED Lights, 150 Watt, Single-Pole/3Way, No Neutral Required, DVRF-6LS-WH-9, White, 9 Pack",Lutron,,629.55,69.95,4.7,506.0,18,Dimmer Switches,https://m.media-amazon.com/images/I/71fPGbtx4SL._AC_UL320_.jpg,https://www.amazon.com/dp/B0C7LTX71C,,50+ bought in past month,,69.95,,,,,,6/6/25,50,Smart,0.06246096189881324
amazon,B08JSC41JZ,"BESTTEN 6 Pack Super Slim Dimmer Switch, Single Pole or 3-Way, Dimmable Light Switch for LED, CFL, Halogen and Incandescent Bulbs, ETL Listed, White",BESTTEN,,53.99,9.0,4.3,175.0,23,Dimmer Switches,https://m.media-amazon.com/images/I/71jRLsMslvL._AC_UL320_.jpg,https://www.amazon.com/dp/B08JSC41JZ,,50+ bought in past month,,9.0,,,,,,6/6/25,50,Traditional,0.06246096189881324
amazon,B08T1JBD9P,"Eva Logik Smart Toggle Light Switch, Single Pole & 3 Way, Dimmer, Aluminium Plate, 2.4G WiFi Dimmer Light Switch, Needs Neutral Wire, Works with Alexa/Google Home, No Hub Required, ETL and FCC Listed",EVA LOGIK Store,,27.99,,3.9,680.0,20,Light Switches,https://m.media-amazon.com/images/I/519p7RVck1L._AC_UL320_.jpg,https://www.amazon.com/dp/B08T1JBD9P,,50+ bought in past month,,27.99,,,,,,6/6/25,50,Smart,0.06246096189881324
amazon,B08YMDL1KQ,"Leviton L5614-2W 15 Amp, 120/277 Volt, Decora LED Illuminated Rocker 4-Way AC Quiet Switch, Residential Grade, Grounding, White",Leviton,,26.69,34.06,4.5,203.0,19,Light Switches,https://m.media-amazon.com/images/I/51NQ1bDKr9L._AC_UL320_.jpg,https://www.amazon.com/dp/B08YMDL1KQ,,50+ bought in past month,,34.06,,,,,,6/6/25,50,Traditional,0.06246096189881324
amazon,B07WFLTZDK,"ELEGRP Slide Dimmer Switch for Dimmable LED, CFL and Incandescent Light Lamp Bulbs, Single Pole or 3-Way, Full Control with Preset, Rocker Paddle, Wall Plate Included, UL Listed (2 Pack, Matte Black)",ELEGRP,,24.99,6.25,4.2,1422.0,5,Dimmer Switches,https://m.media-amazon.com/images/I/51BgNrtfq3L._AC_UL320_.jpg,https://www.amazon.com/dp/B07WFLTZDK,,50+ bought in past month,,6.25,,,,,,6/6/25,50,Traditional,0.06246096189881324
amazon,B08GFR5YK9,"BESTTEN 10 Pack Dimmer Light Switch, Single Pole or 3-Way, Slide Dimmer Switches, Compatible with Dimmable LED, CFL, Incandescent and Halogen Bulb, Neutral Wire Not Required, 120VAC, UL Listed, White",BESTTEN,,72.99,7.3,4.3,538.0,10,Dimmer Switches,https://m.media-amazon.com/images/I/81CmCo3sYHL._AC_UL320_.jpg,https://www.amazon.com/dp/B08GFR5YK9,,50+ bought in past month,,7.3,,,,,,6/6/25,50,Traditional,0.06246096189881324
amazon,B08R9JBDHH,"TREATLIFE 3 Way Smart Dimmer Switch 2 Pack, 2 Master Dimmer Switch Compatible with Alexa, Google Assistant, 2.4GHz WiFi Light Switch APP Remote Control, Neutral Wire Needed, Schedule, No Hub Required",TREATLIFE,,46.99,23.5,4.2,1643.0,20,Dimmer Switches,https://m.media-amazon.com/images/I/71g1RhaWAhS._AC_UL320_.jpg,https://www.amazon.com/dp/B08R9JBDHH,,50+ bought in past month,,23.5,,,,,,6/6/25,50,Smart,0.06246096189881324
amazon,B0894KT8DC,"Meross 3 Way Smart Switch, Smart Light Switch Supports Apple HomeKit, Siri, Alexa, Google Assistant & SmartThings, 2.4Ghz WiFi Light Switch Neutral Wire Required, Remote Control Timer 1 Pack",meross Store,,20.79,25.99,4.4,1725.0,17,Light Switches,https://m.media-amazon.com/images/I/61ot5mu1DiL._AC_UL320_.jpg,https://www.amazon.com/dp/B0894KT8DC,,50+ bought in past month,,25.99,,,,,,6/6/25,50,Smart,0.06246096189881324
amazon,B003AUCKLO,"Leviton 1221-PLR 20-Amp, 120 Volt, Toggle Pilot Light, Illuminated On, Req, Neutral Single-Pole AC Quiet Switch, Extra Heavy Duty Grade, Self Grounding, Red",Leviton,,17.0,19.0,4.6,443.0,14,Light Switches,https://m.media-amazon.com/images/I/61snNidX0sL._AC_UL320_.jpg,https://www.amazon.com/dp/B003AUCKLO,,50+ bought in past month,,19.0,,,,,,6/6/25,50,Traditional,0.06246096189881324
amazon,B0055TWD2E,"Lutron Diva LED+ Dimmer for Dimmable LED, Halogen and Incandescent Bulbs with Wallplate | 150W/Single-Pole or 3-Way | DVWCL-153PH-LA | Light Almond",Lutron,,23.52,32.97,4.7,406.0,13,Dimmer Switches,https://m.media-amazon.com/images/I/41utPvRSb+L._AC_UL320_.jpg,https://www.amazon.com/dp/B0055TWD2E,,50+ bought in past month,,32.97,,,,,,6/6/25,50,Traditional,0.06246096189881324
amazon,B078KH9NNT,"Leviton Decora 600-Watt Single-Pole/3-Way Universal Rocker Slide Dimmer, White (3-Pack)",Leviton,,47.0,,4.4,54.0,15,Dimmer Switches,https://m.media-amazon.com/images/I/512Cuk6aT4L._AC_UL320_.jpg,https://www.amazon.com/dp/B078KH9NNT,Only 20 left in stock - order soon.,50+ bought in past month,,47.0,,,,,,6/6/25,50,Traditional,0.06246096189881324
amazon,B07X4Z69BV,"Nexete Smart Wi-Fi Double Light Switch, 2 in1 Single Pole Switch Compatible with Alexa Google Assistant & IFTTT,Remote Control, Timing Function No Hub Required (1-Pack Double)",Nexete Store,,20.97,,4.2,1382.0,13,Light Switches,https://m.media-amazon.com/images/I/31pRZa10MZL._AC_UL320_.jpg,https://www.amazon.com/dp/B07X4Z69BV,,50+ bought in past month,,20.97,,,,,,6/6/25,50,Smart,0.06246096189881324
amazon,B0D6YRMP1X,"YNF Smart Light Switch, Single Pole, Needs Neutral Wire, 2.4GHz Wi-Fi Light Switch Compatible with Alexa and Google Home, Voice Control and Timer (4 Pack)",YNF Store,,28.17,7.04,4.5,90.0,10,Light Switches,https://m.media-amazon.com/images/I/61JY1fqGlTL._AC_UL320_.jpg,https://www.amazon.com/dp/B0D6YRMP1X,,50+ bought in past month,,7.04,,,,,,6/6/25,50,Smart,0.06246096189881324
amazon,B0015BKZI0,Leviton 5226-W WH COMBIN SW SP/PILOT LITE 15A120VAC,Leviton,,13.9,19.87,4.6,56.0,21,Light Switches,https://m.media-amazon.com/images/I/61WRnAuGqtL._AC_UL320_.jpg,https://www.amazon.com/dp/B0015BKZI0,,50+ bought in past month,,19.87,,,,,,6/6/25,50,Traditional,0.06246096189881324
amazon,B0016LBTO8,"Lutron Claro 15 Amp Single-Pole Rocker Switch with Locator Light, CA-1PSNL-WH, White",Lutron,,17.43,,4.5,310.0,24,Light Switches,https://m.media-amazon.com/images/I/5153QDBxnzL._AC_UL320_.jpg,https://www.amazon.com/dp/B0016LBTO8,,50+ bought in past month,,17.43,,,,,,6/6/25,50,Traditional,0.06246096189881324
amazon,B0C89JXCF4,"AIDA Single Pole Double Paddle Rocker Decorator Light Switch, 15 Amp Self-grounding Electrical Light Switches, Residential Grade, UL Listed (1 Pack, Glossy White)",AIDA Store,,9.99,,4.6,176.0,23,Light Switches,https://m.media-amazon.com/images/I/51BTKIlAVxL._AC_UL320_.jpg,https://www.amazon.com/dp/B0C89JXCF4,,50+ bought in past month,,9.99,,,,,,6/6/25,50,Traditional,0.06246096189881324
amazon,B08YM4B957,"Leviton L5611-2T 15 Amp Decora LED Illuminated Light Wall Switch, Single-Pole - Light Almond",Leviton,,11.45,,4.6,97.0,2,Light Switches,https://m.media-amazon.com/images/I/51yJvy9sLdL._AC_UL320_.jpg,https://www.amazon.com/dp/B08YM4B957,,50+ bought in past month,,11.45,,,,,,6/6/25,50,Traditional,0.06246096189881324
amazon,B0076HPMK8,"Leviton IllumaTech Dimmer Switch for Dimmable LED, Halogen and Incandescent Bulbs, IPL06-10Z, White with Ivory and Light Almond Faceplates",Leviton,,24.76,27.24,4.3,437.0,13,Dimmer Switches,https://m.media-amazon.com/images/I/71hhyRy4i5L._AC_UL320_.jpg,https://www.amazon.com/dp/B0076HPMK8,,50+ bought in past month,,27.24,,,,,,6/6/25,50,Traditional,0.06246096189881324
amazon,B0D1QZ78XT,"BESTTEN Super Slim Quiet Dimmer Switch, Max 300W LED, CFL Lights and 600W Incandescent, Halogen, Single Pole or 3-Way Dimmer, Slide Dimmable Light Switch, ETL Listed, White",BESTTEN,,11.99,,4.3,175.0,6,Dimmer Switches,https://m.media-amazon.com/images/I/61VsZVsTI9L._AC_UL320_.jpg,https://www.amazon.com/dp/B0D1QZ78XT,,50+ bought in past month,,11.99,,,,,,6/6/25,50,Traditional,0.06246096189881324
amazon,B08JTFN5CN,"BESTTEN Super Slim Digital Led Dimmer Switch with Air Gap Power Cut Off Switch, 3 Button Control, Single Pole or 3 Way Dimmable Dimmer, Screwless Wallplate Included, ETL Listed, White",BESTTEN,,14.99,18.99,4.1,247.0,15,Dimmer Switches,https://m.media-amazon.com/images/I/61dRC+XYaFL._AC_UL320_.jpg,https://www.amazon.com/dp/B08JTFN5CN,,50+ bought in past month,,18.99,,,,,,6/6/25,50,Traditional,0.06246096189881324
amazon,B09LLY51DL,"GHome Smart Dimmer Switch Work with Alexa Google Home, Single Pole 2.4GHz Wi-Fi Switch for Dimmable LED CFL INC Light Bulbs, Neutral Wire Required, Not 3 Way, No Hub Required, 4Pack",GHome Store,,52.99,13.25,4.4,690.0,17,Dimmer Switches,https://m.media-amazon.com/images/I/61jy3j37VQL._AC_UL320_.jpg,https://www.amazon.com/dp/B09LLY51DL,,50+ bought in past month,,13.25,,,,,,6/6/25,50,Smart,0.06246096189881324
amazon,B000BVZBMU,"Legrand Pass & Seymour 660WSLCC10 Trademaster 15 Amp Single Pole Illuminated Toggle Light Switch, Lighted When Off, Residential Grade, White (1 Count)",Legrand,,6.79,7.29,4.5,712.0,22,Light Switches,https://m.media-amazon.com/images/I/61AH3mgq8-L._AC_UL320_.jpg,https://www.amazon.com/dp/B000BVZBMU,Only 5 left in stock - order soon.,50+ bought in past month,,7.29,,,,,,6/6/25,50,Traditional,0.06246096189881324
amazon,B000U3HXWA,"Leviton 5691-2W 15 Amp, 120/277 Volt, Decora Plus Rocker Single-Pole AC Quiet Switch, Commercial Grade, White",Leviton,,7.8,8.93,4.6,585.0,7,Light Switches,https://m.media-amazon.com/images/I/51CXQuNa5SL._AC_UL320_.jpg,https://www.amazon.com/dp/B000U3HXWA,,50+ bought in past month,,8.93,,,,,,6/6/25,50,Traditional,0.06246096189881324
amazon,B07RNJ351J,"2Pack UL Listed Rotary Dimmer Switch with1.8m/5.9ft Extension Power Cord for Halogen and Incandescent Bulbs lamp, Compatible with LED dimmable Lights",GE,,13.98,,4.3,1432.0,20,Dimmer Switches,https://m.media-amazon.com/images/I/613+17ZoRGL._AC_UL320_.jpg,https://www.amazon.com/dp/B07RNJ351J,,50+ bought in past month,,13.98,,,,,,6/6/25,50,Traditional,0.06246096189881324
amazon,B002RN99TQ,"Leviton 5601-2 15 Amp, 120/277 Volt, Decora Rocker Single-Pole AC Quiet Switch, Residential Grade, Grounding, Brown",Leviton,,2.68,8.37,4.1,28.0,4,Light Switches,https://m.media-amazon.com/images/I/61leJotTYUL._AC_UL320_.jpg,https://www.amazon.com/dp/B002RN99TQ,,50+ bought in past month,,8.37,,,,,,6/6/25,50,Traditional,0.06246096189881324
amazon,B0037NXT3C,"Leviton IllumaTech Dimmer Switch for 0-10V LED, Mark 7 Florescent Ballasts, wth LED Locator Light, IP710-DLZ, White with Ivory and Light Almond Faceplates",Leviton,,59.91,,4.3,199.0,10,Dimmer Switches,https://m.media-amazon.com/images/I/51g2xefJl7L._AC_UL320_.jpg,https://www.amazon.com/dp/B0037NXT3C,,50+ bought in past month,,59.91,,,,,,6/6/25,50,Traditional,0.06246096189881324
amazon,B0D8T97DFN,"ELEGRP 4 Way Decorative Light Switch, 15Amp, 120-277 Volt, AC Decorator Rocker Paddle Wall Switch Replacement, Self-Grounding, Residential and Commercial Grade, UL Listed (5 Pack, Glossy Black)",ELEGRP,,16.99,3.4,4.6,287.0,3,Light Switches,https://m.media-amazon.com/images/I/61IT5Fq+uIL._AC_UL320_.jpg,https://www.amazon.com/dp/B0D8T97DFN,,50+ bought in past month,,3.4,,,,,,6/6/25,50,Traditional,0.06246096189881324
amazon,B082LK16TH,"GE CYNC Smart Dimmer Light Switch, No Neutral Wire Required, Bluetooth and 2.4 GHz WiFi 3-Wire Switch, Works with Amazon Alexa and Google Home, White (1 Pack)",Amazon,,44.97,54.99,3.9,2167.0,13,Dimmer Switches,https://m.media-amazon.com/images/I/71Cd4r9gcdL._AC_UL320_.jpg,https://www.amazon.com/dp/B082LK16TH,Only 4 left in stock - order soon.,50+ bought in past month,,54.99,,,,,,6/6/25,50,Smart,0.06246096189881324
amazon,B0CLG1L3N4,Leviton Decora Smart No-Neutral Dimmer & Wi-Fi Bridge Kit for Older Homes Without a Neutral Wire (Works with My Leviton App for controlling light),Leviton,,47.59,54.99,4.1,341.0,14,Dimmer Switches,https://m.media-amazon.com/images/I/41L4kTFmJVL._AC_UL320_.jpg,https://www.amazon.com/dp/B0CLG1L3N4,,50+ bought in past month,,54.99,,,,,,6/6/25,50,Smart,0.06246096189881324
amazon,B0F2PHWYZK,"Lutron Diva 0-10V Dimmer Switch for LED Drivers or Fluorescent Ballasts, Single Pole / 3 Way, DVSTV-453P-WH, White",Lutron,,81.0,,,,15,Dimmer Switches,https://m.media-amazon.com/images/I/61xDiPE9PhL._AC_UL320_.jpg,https://www.amazon.com/dp/B0F2PHWYZK,,50+ bought in past month,,81.0,,,,,,6/6/25,50,Traditional,0.06246096189881324
amazon,B0055VD9HK,"Lutron Toggler LED+ Dimmer Switch for Dimmable LED, Halogen and Incandescent Bulbs, 150 Watt, Single-Pole or 3-Way, TGCL-153PH-IV, Ivory",Lutron,,22.97,24.97,4.6,2461.0,4,Dimmer Switches,https://m.media-amazon.com/images/I/71Qr87sbXHL._AC_UL320_.jpg,https://www.amazon.com/dp/B0055VD9HK,,50+ bought in past month,,24.97,,,,,,6/6/25,50,Traditional,0.06246096189881324
amazon,B07828MYZJ,Zooz Momentary Push-Button in-Wall Switch ZAC99,ZOOZ Store,,12.95,,4.8,143.0,5,Dimmer Switches,https://m.media-amazon.com/images/I/31zKL9vXI+L._AC_UL320_.jpg,https://www.amazon.com/dp/B07828MYZJ,,50+ bought in past month,,12.95,,,,,,6/6/25,50,Traditional,0.06246096189881324
amazon,B0C9W2G2V9,"Leviton No-Neutral Decora Smart Dimmer Switch, Requires MLWSB Wi-Fi Bridge to Work with My Leviton, Alexa, Google Assistant, Apple Home/Siri & Wired or Wire-Free 3-Way, DN6HD-1RW, White",Leviton,,41.35,44.99,3.8,19.0,18,Dimmer Switches,https://m.media-amazon.com/images/I/51TxcIEMgYL._AC_UL320_.jpg,https://www.amazon.com/dp/B0C9W2G2V9,,50+ bought in past month,,44.99,,,,,,6/6/25,50,Smart,0.06246096189881324
amazon,B07ZYWSH3J,"AIDA 15 Amp Toggle Light Switch, 4 Way, Grounding Screw, Residential Grade Electrical Wall Switch, UL Listed (White, 10 Pack)",AIDA Store,,27.99,,4.6,467.0,23,Light Switches,https://m.media-amazon.com/images/I/71sTl1tG8RS._AC_UL320_.jpg,https://www.amazon.com/dp/B07ZYWSH3J,,50+ bought in past month,,27.99,,,,,,6/6/25,50,Traditional,0.06246096189881324
amazon,B0C6ZXF159,"meross 4 Pack Smart Dimmer Switch Single Pole Supports Apple HomeKit, Alexa Google Assistant & SmartThings, 2.4Ghz WiFi Light Switch for Dimmable LED, Neutral Wire Required, Remote Control Schedule",meross Store,,68.99,17.25,4.1,783.0,22,Dimmer Switches,https://m.media-amazon.com/images/I/612bv0It9nL._AC_UL320_.jpg,https://www.amazon.com/dp/B0C6ZXF159,,50+ bought in past month,,17.25,,,,,,6/6/25,50,Smart,0.06246096189881324
amazon,B0D62QM98H,"DEWENWILS Dimmer Switch for LED Lights, 600W Incandescent/Halogen and 150W CFL/LED, Single-Pole or 3-Way Dimmer Light Switch, ETL ＆ cUL Listed, White, 2 Packs",GE,,21.99,,4.4,90.0,1,Dimmer Switches,https://m.media-amazon.com/images/I/61ROB-c9KnL._AC_UL320_.jpg,https://www.amazon.com/dp/B0D62QM98H,,50+ bought in past month,,21.99,,,,,,6/6/25,50,Traditional,0.06246096189881324
amazon,B0CLGCXT96,"ENERLITES Toggle Light Switch with Wall Plate, Single Pole, 15A 120-277V, Grounding Screw, Residential Grade, UL Listed, 88115-WWP-20PCS, White, 20 Pack",ENERLITES Store,,37.99,1.9,4.6,261.0,23,Light Switches,https://m.media-amazon.com/images/I/61WPXp0xOGL._AC_UL320_.jpg,https://www.amazon.com/dp/B0CLGCXT96,,50+ bought in past month,,1.9,,,,,,6/6/25,50,Traditional,0.06246096189881324
amazon,B08Q7HX3KV,HAMRVL Led Dimmer Switch DC 12V Touch Switch On/Off Dimmer Stepless Dimming Switches as 5-24V LED Lights Strip Brightness Controller Suitable for 17mm/0.67in Mounting Hole(Touch dimmer A),HAMRVL Store,,8.99,,3.9,207.0,14,Dimmer Switches,https://m.media-amazon.com/images/I/51paaG-X8gL._AC_UL320_.jpg,https://www.amazon.com/dp/B08Q7HX3KV,,50+ bought in past month,,8.99,,,,,,6/6/25,50,Traditional,0.06246096189881324
amazon,B0C3VGZ2FM,"ELEGRP Single Pole Toggle Light Switch with Plate, 15 Amp, 120 Volt, Quiet Switch, in Wall On/Off, Self-Grounding, Residential and Commercial Grade, UL (5 Pack, Glossy White)",ELEGRP,,13.99,2.8,4.7,1291.0,22,Light Switches,https://m.media-amazon.com/images/I/51q1q+V+VjL._AC_UL320_.jpg,https://www.amazon.com/dp/B0C3VGZ2FM,,50+ bought in past month,,2.8,,,,,,6/6/25,50,Traditional,0.06246096189881324
amazon,B0D9W9627N,"MOES [12 Pack] Paddle Rocker Light Switch, Single Pole On/Off 15Amp 120V, Glossy White Decorator, Self Grounding",MOES,,23.99,2.0,4.1,57.0,10,Light Switches,https://m.media-amazon.com/images/I/51g0gXy-FeL._AC_UL320_.jpg,https://www.amazon.com/dp/B0D9W9627N,,50+ bought in past month,,2.0,,,,,,6/6/25,50,Traditional,0.06246096189881324
amazon,B081S6YXBY,"2Pack SOZULAMP Illuminated Light Switch-Single Pole Wall Switch with Night Light, 15A 120/277V,3 Wire, Grounding Screw, Glossy White",SOZULAMP Store,,18.99,9.5,4.4,2474.0,11,Light Switches,https://m.media-amazon.com/images/I/51m9pUNDetL._AC_UL320_.jpg,https://www.amazon.com/dp/B081S6YXBY,,50+ bought in past month,,9.5,,,,,,6/6/25,50,Traditional,0.06246096189881324
amazon,B08428GDS8,"Enbrighten Zigbee Dimmer, QuickFit & SimpleWire, Pairs Directly with Echo Studio/Show 10/Plus 1st & 2nd Gen, Works WIth Alexa, Google Assistant, White & Light Almond, Smart Light Switch, 43080",GE,,38.87,,4.0,414.0,10,Dimmer Switches,https://m.media-amazon.com/images/I/81VZfzh+W4L._AC_UL320_.jpg,https://www.amazon.com/dp/B08428GDS8,,50+ bought in past month,,38.87,,,,,,6/6/25,50,Smart,0.06246096189881324
amazon,B00E7N71TO,"Lutron Claro 15 Amp Single-Pole Paddle Switch, CA-1PS-LA, Light Almond",Lutron,,7.48,,4.8,2228.0,16,Light Switches,https://m.media-amazon.com/images/I/51f39v6GohL._AC_UL320_.jpg,https://www.amazon.com/dp/B00E7N71TO,,50+ bought in past month,,7.48,,,,,,6/6/25,50,Traditional,0.06246096189881324
amazon,B07BPVRMHC,"BESTTEN 10 Pack Single Pole Decorator Wall Light Switch with Screwless Wallplate, 15A 120/277V, On/Off Paddle Rocker Interrupter, UL Listed, White",BESTTEN,,23.99,2.4,4.4,786.0,19,Light Switches,https://m.media-amazon.com/images/I/71y4GqrDRpL._AC_UL320_.jpg,https://www.amazon.com/dp/B07BPVRMHC,,50+ bought in past month,,2.4,,,,,,6/6/25,50,Traditional,0.06246096189881324
amazon,B0DHYRV32Z,"Feit Electric Dimmer Switch for Dimmable LED Light Bulbs, Single Pole or 3-Way Toggle, Wall Plate and Wire Nut Installation Included, DIM/Toggle/2, 2 Pack",Feit Electric Store,,23.99,12.0,4.3,32.0,6,Dimmer Switches,https://m.media-amazon.com/images/I/71QilG+2ctL._AC_UL320_.jpg,https://www.amazon.com/dp/B0DHYRV32Z,,50+ bought in past month,,12.0,,,,,,6/6/25,50,Traditional,0.06246096189881324
amazon,B07JVLGFYZ,"ELECTECK 12 Pack Single Pole Rocker Light Switch, 15A 120/277V, Wallplate Included, UL Certified",ELECTECK Store,,19.99,1.67,4.6,964.0,3,Light Switches,https://m.media-amazon.com/images/I/71j35uyEibL._AC_UL320_.jpg,https://www.amazon.com/dp/B07JVLGFYZ,,50+ bought in past month,,1.67,,,,,,6/6/25,50,Traditional,0.06246096189881324
